batch,seq_length,n_embed,gpu_name,sms,tpcs,gpcs,cuda_cores,tensor_cores,ram_gb,l2_cache_mb,mem_bw_gB_s,phase,runtime_s,kernel
64,8192,16384,a100,108,54,7,6912,432,40,40,1555,0,0.030239795207977295,res_add
128,4096,4096,a100,108,54,7,6912,432,40,40,1555,0,0.007563059210777283,res_add
64,16384,8192,a100,108,54,7,6912,432,40,40,1555,0,0.030238156986236574,res_add
16,4096,8192,a100,108,54,7,6912,432,40,40,1555,0,0.0018984960258007048,res_add
32,16384,1024,a100,108,54,7,6912,432,40,40,1555,0,0.0018984960317611692,res_add
64,8192,16384,a100,108,54,7,6912,432,40,40,1555,0,0.030242355251312254,res_add
128,8192,4096,a100,108,54,7,6912,432,40,40,1555,0,0.015128371238708494,res_add
32,1024,8192,a100,108,54,7,6912,432,40,40,1555,0,0.0009568256109952926,res_add
64,16384,8192,a100,108,54,7,6912,432,40,40,1555,0,0.03023487997055054,res_add
128,4096,16384,a100,108,54,7,6912,432,40,40,1555,0,0.030236774349212646,res_add
64,8192,2048,a100,108,54,7,6912,432,40,40,1555,0,0.0037859839797019955,res_add
16,2048,16384,a100,108,54,7,6912,432,40,40,1555,0,0.0018995200335979467,res_add
4,8192,8192,a100,108,54,7,6912,432,40,40,1555,0,0.0009569792121648789,res_add
64,2048,8192,a100,108,54,7,6912,432,40,40,1555,0,0.0037864959836006163,res_add
128,16384,16384,a100,108,54,7,6912,432,40,40,1555,0,,res_add
64,8192,4096,a100,108,54,7,6912,432,40,40,1555,0,0.0075663359880447385,res_add
64,16384,8192,a100,108,54,7,6912,432,40,40,1555,0,0.03023057928085327,res_add
128,8192,4096,a100,108,54,7,6912,432,40,40,1555,0,0.015129292821884155,res_add
64,8192,16384,a100,108,54,7,6912,432,40,40,1555,0,0.03023313932418823,res_add
4,2048,2048,a100,108,54,7,6912,432,40,40,1555,0,7.326720245182515e-05,res_add
16,16384,8192,a100,108,54,7,6912,432,40,40,1555,0,0.00756725766658783,res_add
64,4096,8192,a100,108,54,7,6912,432,40,40,1555,0,0.007565414452552796,res_add
128,16384,4096,a100,108,54,7,6912,432,40,40,1555,0,0.03023738880157471,res_add
32,4096,16384,a100,108,54,7,6912,432,40,40,1555,0,0.007566387248039245,res_add
32,8192,4096,a100,108,54,7,6912,432,40,40,1555,0,0.003784908771514893,res_add
128,512,16384,a100,108,54,7,6912,432,40,40,1555,0,0.0037855743765830992,res_add
64,16384,8192,a100,108,54,7,6912,432,40,40,1555,0,0.030238361740112303,res_add
32,8192,8192,a100,108,54,7,6912,432,40,40,1555,0,0.007565824007987975,res_add
16,16384,16384,a100,108,54,7,6912,432,40,40,1555,0,0.015129497528076172,res_add
64,4096,2048,a100,108,54,7,6912,432,40,40,1555,0,0.0018998784244060516,res_add
128,8192,8192,a100,108,54,7,6912,432,40,40,1555,0,0.030238566398620603,res_add
64,4096,4096,a100,108,54,7,6912,432,40,40,1555,0,0.0037859327793121345,res_add
64,16384,2048,a100,108,54,7,6912,432,40,40,1555,0,0.007565312051773071,res_add
128,4096,16384,a100,108,54,7,6912,432,40,40,1555,0,0.030238412857055662,res_add
64,8192,8192,a100,108,54,7,6912,432,40,40,1555,0,0.015126476812362672,res_add
16,4096,16384,a100,108,54,7,6912,432,40,40,1555,0,0.003787519991397858,res_add
32,8192,16384,a100,108,54,7,6912,432,40,40,1555,0,0.015131545543670655,res_add
64,1024,4096,a100,108,54,7,6912,432,40,40,1555,0,0.0009568768084049224,res_add
128,16384,8192,a100,108,54,7,6912,432,40,40,1555,0,,res_add
32,8192,8192,a100,108,54,7,6912,432,40,40,1555,0,0.007566080021858215,res_add
32,8192,8192,a100,108,54,7,6912,432,40,40,1555,0,0.007565619230270386,res_add
128,2048,8192,a100,108,54,7,6912,432,40,40,1555,0,0.00756602885723114,res_add
64,16384,16384,a100,108,54,7,6912,432,40,40,1555,0,,res_add
16,4096,4096,a100,108,54,7,6912,432,40,40,1555,0,0.0009575936108827592,res_add
8,16384,4096,a100,108,54,7,6912,432,40,40,1555,0,0.001899520039558411,res_add
64,8192,8192,a100,108,54,7,6912,432,40,40,1555,0,0.015125964784622192,res_add
128,8192,1024,a100,108,54,7,6912,432,40,40,1555,0,0.0037864959836006163,res_add
64,2048,16384,a100,108,54,7,6912,432,40,40,1555,0,0.007565209627151489,res_add
64,8192,8192,a100,108,54,7,6912,432,40,40,1555,0,0.015129190301895138,res_add
128,1024,8192,a100,108,54,7,6912,432,40,40,1555,0,0.0037868543863296506,res_add
64,16384,4096,a100,108,54,7,6912,432,40,40,1555,0,0.015127296018600467,res_add
2,8192,16384,a100,108,54,7,6912,432,40,40,1555,0,0.0009569792121648789,res_add
16,16384,8192,a100,108,54,7,6912,432,40,40,1555,0,0.007565158438682555,res_add
64,4096,4096,a100,108,54,7,6912,432,40,40,1555,0,0.003787110388278962,res_add
128,8192,16384,a100,108,54,7,6912,432,40,40,1555,0,,res_add
32,2048,1024,a100,108,54,7,6912,432,40,40,1555,0,0.00025067519843578344,res_add
32,16384,16384,a100,108,54,7,6912,432,40,40,1555,0,0.03023728637695312,res_add
128,8192,2048,a100,108,54,7,6912,432,40,40,1555,0,0.007563007998466492,res_add
64,8192,8192,a100,108,54,7,6912,432,40,40,1555,0,0.0151291392326355,res_add
32,512,4096,a100,108,54,7,6912,432,40,40,1555,0,0.000249907198548317,res_add
8,8192,4096,a100,108,54,7,6912,432,40,40,1555,0,0.000956979212164879,res_add
64,4096,16384,a100,108,54,7,6912,432,40,40,1555,0,0.015129241514205933,res_add
128,16384,8192,a100,108,54,7,6912,432,40,40,1555,0,,res_add
64,4096,8192,a100,108,54,7,6912,432,40,40,1555,0,0.007564390420913695,res_add
64,16384,8192,a100,108,54,7,6912,432,40,40,1555,0,0.03023616008758545,res_add
128,8192,8192,a100,108,54,7,6912,432,40,40,1555,0,0.030238259029388433,res_add
64,8192,4096,a100,108,54,7,6912,432,40,40,1555,0,0.007563059210777283,res_add
8,1024,16384,a100,108,54,7,6912,432,40,40,1555,0,0.0004857856020331382,res_add
32,8192,8192,a100,108,54,7,6912,432,40,40,1555,0,0.007565363216400146,res_add
64,4096,8192,a100,108,54,7,6912,432,40,40,1555,0,0.0075656704187393176,res_add
128,16384,16384,a100,108,54,7,6912,432,40,40,1555,0,,res_add
32,4096,2048,a100,108,54,7,6912,432,40,40,1555,0,0.0009573376119136809,res_add
32,8192,16384,a100,108,54,7,6912,432,40,40,1555,0,0.01512657918930054,res_add
128,2048,1024,a100,108,54,7,6912,432,40,40,1555,0,0.0009569792091846467,res_add
64,16384,8192,a100,108,54,7,6912,432,40,40,1555,0,0.03023774719238282,res_add
32,8192,4096,a100,108,54,7,6912,432,40,40,1555,0,0.0037867007851600646,res_add
2,16384,4096,a100,108,54,7,6912,432,40,40,1555,0,0.0004853760018944741,res_add
64,4096,16384,a100,108,54,7,6912,432,40,40,1555,0,0.01512775673866272,res_add
128,8192,8192,a100,108,54,7,6912,432,40,40,1555,0,0.030234214496612545,res_add
64,2048,8192,a100,108,54,7,6912,432,40,40,1555,0,0.0037867519855499265,res_add
64,8192,2048,a100,108,54,7,6912,432,40,40,1555,0,0.003786547183990478,res_add
128,2048,16384,a100,108,54,7,6912,432,40,40,1555,0,0.01512709112167358,res_add
64,16384,4096,a100,108,54,7,6912,432,40,40,1555,0,0.015128780794143676,res_add
8,8192,8192,a100,108,54,7,6912,432,40,40,1555,0,0.0018998784363269809,res_add
16,16384,16384,a100,108,54,7,6912,432,40,40,1555,0,0.015128268671035765,res_add
64,8192,4096,a100,108,54,7,6912,432,40,40,1555,0,0.007563622403144838,res_add
128,8192,8192,a100,108,54,7,6912,432,40,40,1555,0,0.03023677444458008,res_add
32,1024,8192,a100,108,54,7,6912,432,40,40,1555,0,0.0009565696090459823,res_add
32,16384,8192,a100,108,54,7,6912,432,40,40,1555,0,0.015126476669311523,res_add
128,4096,8192,a100,108,54,7,6912,432,40,40,1555,0,0.015128729486465453,res_add
64,8192,16384,a100,108,54,7,6912,432,40,40,1555,0,0.03023610868453979,res_add
32,4096,4096,a100,108,54,7,6912,432,40,40,1555,0,0.0018990592300891882,res_add
16,8192,8192,a100,108,54,7,6912,432,40,40,1555,0,0.003787110388278961,res_add
64,256,8192,a100,108,54,7,6912,432,40,40,1555,0,0.0004858880013227462,res_add
128,16384,2048,a100,108,54,7,6912,432,40,40,1555,0,0.015129190349578856,res_add
64,8192,16384,a100,108,54,7,6912,432,40,40,1555,0,0.030236876964569094,res_add
64,8192,8192,a100,108,54,7,6912,432,40,40,1555,0,0.015128473567962647,res_add
128,1024,4096,a100,108,54,7,6912,432,40,40,1555,0,0.0018994688332080842,res_add
64,16384,16384,a100,108,54,7,6912,432,40,40,1555,0,,res_add
16,8192,1024,a100,108,54,7,6912,432,40,40,1555,0,0.0004858367949724197,res_add
32,16384,8192,a100,108,54,7,6912,432,40,40,1555,0,0.015130675077438352,res_add
64,4096,8192,a100,108,54,7,6912,432,40,40,1555,0,0.007565107250213624,res_add
128,8192,2048,a100,108,54,7,6912,432,40,40,1555,0,0.00756592643260956,res_add
32,4096,16384,a100,108,54,7,6912,432,40,40,1555,0,0.007564083266258241,res_add
32,16384,4096,a100,108,54,7,6912,432,40,40,1555,0,0.007565567994117737,res_add
128,8192,16384,a100,108,54,7,6912,432,40,40,1555,0,,res_add
64,8192,8192,a100,108,54,7,6912,432,40,40,1555,0,0.015128371095657348,res_add
16,2048,8192,a100,108,54,7,6912,432,40,40,1555,0,0.0009567744106054307,res_add
8,8192,16384,a100,108,54,7,6912,432,40,40,1555,0,0.0037863423824310303,res_add
64,2048,2048,a100,108,54,7,6912,432,40,40,1555,0,0.0009570816159248354,res_add
128,16384,16384,a100,108,54,7,6912,432,40,40,1555,0,,res_add
64,4096,8192,a100,108,54,7,6912,432,40,40,1555,0,0.007565721607208252,res_add
64,16384,16384,a100,108,54,7,6912,432,40,40,1555,0,,res_add
128,4096,4096,a100,108,54,7,6912,432,40,40,1555,0,0.007565107226371765,res_add
64,8192,8192,a100,108,54,7,6912,432,40,40,1555,0,0.015128371095657345,res_add
4,4096,8192,a100,108,54,7,6912,432,40,40,1555,0,0.0004856320008635521,res_add
16,8192,2048,a100,108,54,7,6912,432,40,40,1555,0,0.0009570816159248355,res_add
64,2048,16384,a100,108,54,7,6912,432,40,40,1555,0,0.007565363216400146,res_add
128,16384,4096,a100,108,54,7,6912,432,40,40,1555,0,0.030238464069366457,res_add
32,8192,8192,a100,108,54,7,6912,432,40,40,1555,0,0.007564953589439394,res_add
32,8192,4096,a100,108,54,7,6912,432,40,40,1555,0,0.0037850111722946165,res_add
128,4096,8192,a100,108,54,7,6912,432,40,40,1555,0,0.015129395103454587,res_add
64,16384,2048,a100,108,54,7,6912,432,40,40,1555,0,0.007566387224197388,res_add
32,4096,16384,a100,108,54,7,6912,432,40,40,1555,0,0.00756449284553528,res_add
8,16384,8192,a100,108,54,7,6912,432,40,40,1555,0,0.0037853183746337886,res_add
64,8192,8192,a100,108,54,7,6912,432,40,40,1555,0,0.015128319835662842,res_add
128,8192,16384,a100,108,54,7,6912,432,40,40,1555,0,,res_add
64,512,4096,a100,108,54,7,6912,432,40,40,1555,0,0.0004860928028821945,res_add
64,16384,8192,a100,108,54,7,6912,432,40,40,1555,0,0.030239692592620847,res_add
128,4096,8192,a100,108,54,7,6912,432,40,40,1555,0,0.015128473567962644,res_add
64,8192,16384,a100,108,54,7,6912,432,40,40,1555,0,0.030238310527801508,res_add
8,2048,4096,a100,108,54,7,6912,432,40,40,1555,0,0.0002498560011386872,res_add
32,8192,4096,a100,108,54,7,6912,432,40,40,1555,0,0.0037872639894485473,res_add
64,2048,8192,a100,108,54,7,6912,432,40,40,1555,0,0.0037857279777526857,res_add
128,16384,2048,a100,108,54,7,6912,432,40,40,1555,0,0.015126732683181762,res_add
32,8192,16384,a100,108,54,7,6912,432,40,40,1555,0,0.015129190254211427,res_add
32,8192,2048,a100,108,54,7,6912,432,40,40,1555,0,0.0018995200335979463,res_add
128,4096,16384,a100,108,54,7,6912,432,40,40,1555,0,0.030238873481750483,res_add
64,16384,8192,a100,108,54,7,6912,432,40,40,1555,0,0.03023467502593994,res_add
16,4096,8192,a100,108,54,7,6912,432,40,40,1555,0,0.0018998272299766545,res_add
4,16384,16384,a100,108,54,7,6912,432,40,40,1555,0,0.0037866495847702028,res_add
64,8192,4096,a100,108,54,7,6912,432,40,40,1555,0,0.0075658240318298335,res_add
128,8192,8192,a100,108,54,7,6912,432,40,40,1555,0,0.030237184238433835,res_add
64,1024,8192,a100,108,54,7,6912,432,40,40,1555,0,0.0018990592241287234,res_add
64,8192,16384,a100,108,54,7,6912,432,40,40,1555,0,0.03023825922012329,res_add
128,512,2048,a100,108,54,7,6912,432,40,40,1555,0,0.00048599039912223814,res_add
64,16384,8192,a100,108,54,7,6912,432,40,40,1555,0,0.030235801506042475,res_add
8,8192,8192,a100,108,54,7,6912,432,40,40,1555,0,0.0019003392338752746,res_add
16,16384,4096,a100,108,54,7,6912,432,40,40,1555,0,0.0037866495847702028,res_add
64,4096,16384,a100,108,54,7,6912,432,40,40,1555,0,0.015128678321838378,res_add
128,8192,8192,a100,108,54,7,6912,432,40,40,1555,0,0.030241587352752685,res_add
32,4096,8192,a100,108,54,7,6912,432,40,40,1555,0,0.0037855231761932374,res_add
32,16384,8192,a100,108,54,7,6912,432,40,40,1555,0,0.015127091073989865,res_add
128,8192,8192,a100,108,54,7,6912,432,40,40,1555,0,0.030236416053771975,res_add
64,8192,4096,a100,108,54,7,6912,432,40,40,1555,0,0.007566592049598693,res_add
32,1024,16384,a100,108,54,7,6912,432,40,40,1555,0,0.0019000320315361024,res_add
16,8192,8192,a100,108,54,7,6912,432,40,40,1555,0,0.003785625576972961,res_add
64,2048,4096,a100,108,54,7,6912,432,40,40,1555,0,0.001899161630868912,res_add
128,16384,16384,a100,108,54,7,6912,432,40,40,1555,0,,res_add
64,8192,1024,a100,108,54,7,6912,432,40,40,1555,0,0.00189998083114624,res_add
64,8192,4096,a100,108,54,7,6912,432,40,40,1555,0,0.0075657728433609,res_add
128,2048,8192,a100,108,54,7,6912,432,40,40,1555,0,0.0075655679941177365,res_add
64,16384,2048,a100,108,54,7,6912,432,40,40,1555,0,0.007567974424362182,res_add
16,4096,16384,a100,108,54,7,6912,432,40,40,1555,0,0.0037853183746337895,res_add
32,16384,8192,a100,108,54,7,6912,432,40,40,1555,0,0.01512791042327881,res_add
64,8192,8192,a100,108,54,7,6912,432,40,40,1555,0,0.015128627157211302,res_add
128,8192,16384,a100,108,54,7,6912,432,40,40,1555,0,,res_add
32,2048,4096,a100,108,54,7,6912,432,40,40,1555,0,0.0009569792062044143,res_add
32,16384,16384,a100,108,54,7,6912,432,40,40,1555,0,0.03023749122619629,res_add
128,4096,4096,a100,108,54,7,6912,432,40,40,1555,0,0.007566131258010865,res_add
64,8192,8192,a100,108,54,7,6912,432,40,40,1555,0,0.015129087924957273,res_add
16,4096,8192,a100,108,54,7,6912,432,40,40,1555,0,0.0018998784303665163,res_add
8,8192,2048,a100,108,54,7,6912,432,40,40,1555,0,0.0004858367964625359,res_add
64,1024,16384,a100,108,54,7,6912,432,40,40,1555,0,0.003786700785160065,res_add
128,16384,4096,a100,108,54,7,6912,432,40,40,1555,0,0.030241075134277345,res_add
64,8192,8192,a100,108,54,7,6912,432,40,40,1555,0,0.015128268623352047,res_add
64,16384,2048,a100,108,54,7,6912,432,40,40,1555,0,0.00756531205177307,res_add
128,8192,16384,a100,108,54,7,6912,432,40,40,1555,0,,res_add
64,8192,8192,a100,108,54,7,6912,432,40,40,1555,0,0.015128319931030271,res_add
2,512,8192,a100,108,54,7,6912,432,40,40,1555,0,4.41856000572443e-05,res_add
32,8192,16384,a100,108,54,7,6912,432,40,40,1555,0,0.01512913918495178,res_add
64,4096,1024,a100,108,54,7,6912,432,40,40,1555,0,0.0009567232102155685,res_add
128,16384,8192,a100,108,54,7,6912,432,40,40,1555,0,,res_add
32,4096,4096,a100,108,54,7,6912,432,40,40,1555,0,0.0018992128312587738,res_add
32,8192,16384,a100,108,54,7,6912,432,40,40,1555,0,0.01512990713119507,res_add
128,2048,8192,a100,108,54,7,6912,432,40,40,1555,0,0.007565414452552796,res_add
64,16384,16384,a100,108,54,7,6912,432,40,40,1555,0,,res_add
32,8192,2048,a100,108,54,7,6912,432,40,40,1555,0,0.0019000320315361024,res_add
8,16384,8192,a100,108,54,7,6912,432,40,40,1555,0,0.003786291182041169,res_add
64,4096,8192,a100,108,54,7,6912,432,40,40,1555,0,0.007565260767936706,res_add
128,8192,4096,a100,108,54,7,6912,432,40,40,1555,0,0.015130111980438232,res_add
64,4096,16384,a100,108,54,7,6912,432,40,40,1555,0,0.015127603292465208,res_add
64,8192,4096,a100,108,54,7,6912,432,40,40,1555,0,0.00756536319255829,res_add
128,2048,16384,a100,108,54,7,6912,432,40,40,1555,0,0.015130367851257324,res_add
64,16384,8192,a100,108,54,7,6912,432,40,40,1555,0,0.03023989753723145,res_add
8,8192,8192,a100,108,54,7,6912,432,40,40,1555,0,0.001899827235937119,res_add
32,16384,16384,a100,108,54,7,6912,432,40,40,1555,0,0.030238259220123298,res_add
64,4096,2048,a100,108,54,7,6912,432,40,40,1555,0,0.0018995200335979463,res_add
128,8192,8192,a100,108,54,7,6912,432,40,40,1555,0,0.03023759384155273,res_add
32,2048,4096,a100,108,54,7,6912,432,40,40,1555,0,0.0009569280117750171,res_add
32,16384,8192,a100,108,54,7,6912,432,40,40,1555,0,0.015127244901657105,res_add
128,8192,4096,a100,108,54,7,6912,432,40,40,1555,0,0.015131033515930176,res_add
64,8192,16384,a100,108,54,7,6912,432,40,40,1555,0,0.03023554553985595,res_add
16,1024,2048,a100,108,54,7,6912,432,40,40,1555,0,0.0001321983978152275,res_add
1,8192,8192,a100,108,54,7,6912,432,40,40,1555,0,0.0002501119986176491,res_add
64,4096,8192,a100,108,54,7,6912,432,40,40,1555,0,0.007566438412666321,res_add
128,16384,4096,a100,108,54,7,6912,432,40,40,1555,0,0.030237952041625975,res_add
64,4096,16384,a100,108,54,7,6912,432,40,40,1555,0,0.015130265569686888,res_add
64,16384,4096,a100,108,54,7,6912,432,40,40,1555,0,0.015127910232543942,res_add
128,4096,8192,a100,108,54,7,6912,432,40,40,1555,0,0.015130060672760012,res_add
64,8192,1024,a100,108,54,7,6912,432,40,40,1555,0,0.0018997248351573944,res_add
8,4096,16384,a100,108,54,7,6912,432,40,40,1555,0,0.001899417632818222,res_add
16,8192,8192,a100,108,54,7,6912,432,40,40,1555,0,0.0037858815789222713,res_add
64,512,8192,a100,108,54,7,6912,432,40,40,1555,0,0.0009566208124160766,res_add
128,16384,16384,a100,108,54,7,6912,432,40,40,1555,0,,res_add
32,8192,4096,a100,108,54,7,6912,432,40,40,1555,0,0.003786495983600617,res_add
32,8192,16384,a100,108,54,7,6912,432,40,40,1555,0,0.015130163097381591,res_add
128,4096,4096,a100,108,54,7,6912,432,40,40,1555,0,0.007567513632774353,res_add
64,16384,8192,a100,108,54,7,6912,432,40,40,1555,0,0.030240307331085202,res_add
32,4096,8192,a100,108,54,7,6912,432,40,40,1555,0,0.0037866495847702028,res_add
16,16384,2048,a100,108,54,7,6912,432,40,40,1555,0,0.0018993664383888244,res_add
64,8192,16384,a100,108,54,7,6912,432,40,40,1555,0,0.030238515377044677,res_add
128,8192,8192,a100,108,54,7,6912,432,40,40,1555,0,0.030238259315490717,res_add
64,2048,8192,a100,108,54,7,6912,432,40,40,1555,0,0.0037862399816513057,res_add
64,16384,16384,a100,108,54,7,6912,432,40,40,1555,0,,res_add
128,8192,2048,a100,108,54,7,6912,432,40,40,1555,0,0.007565977597236634,res_add
64,8192,8192,a100,108,54,7,6912,432,40,40,1555,0,0.015130265474319459,res_add
16,2048,4096,a100,108,54,7,6912,432,40,40,1555,0,0.0004855807960033417,res_add
32,8192,4096,a100,108,54,7,6912,432,40,40,1555,0,0.0037867007851600646,res_add
64,2048,16384,a100,108,54,7,6912,432,40,40,1555,0,0.007565363264083862,res_add
128,16384,8192,a100,108,54,7,6912,432,40,40,1555,0,,res_add
32,4096,8192,a100,108,54,7,6912,432,40,40,1555,0,0.0037866495847702028,res_add
32,8192,8192,a100,108,54,7,6912,432,40,40,1555,0,0.007565516805648802,res_add
128,1024,8192,a100,108,54,7,6912,432,40,40,1555,0,0.0037873663902282715,res_add
64,16384,4096,a100,108,54,7,6912,432,40,40,1555,0,0.01513041911125183,res_add
16,8192,16384,a100,108,54,7,6912,432,40,40,1555,0,0.00756572163105011,res_add
4,16384,8192,a100,108,54,7,6912,432,40,40,1555,0,0.0018987520277500148,res_add
128,4096,4096,a100,108,54,7,6912,432,40,40,1555,0,0.007565311980247498,res_add
128,8192,16384,a100,108,54,7,6912,432,40,40,1555,0,,res_add
64,4096,2048,a100,108,54,7,6912,432,40,40,1555,0,0.0018988032281398773,res_add
64,8192,8192,a100,108,54,7,6912,432,40,40,1555,0,0.015132313585281373,res_add
128,4096,8192,a100,108,54,7,6912,432,40,40,1555,0,0.015127756690979002,res_add
64,16384,16384,a100,108,54,7,6912,432,40,40,1555,0,,res_add
4,4096,4096,a100,108,54,7,6912,432,40,40,1555,0,0.00025052159875631327,res_add
16,16384,8192,a100,108,54,7,6912,432,40,40,1555,0,0.007565363192558287,res_add
64,8192,16384,a100,108,54,7,6912,432,40,40,1555,0,0.030242355251312258,res_add
128,8192,2048,a100,108,54,7,6912,432,40,40,1555,0,0.00756695041656494,res_add
64,256,16384,a100,108,54,7,6912,432,40,40,1555,0,0.0009567232102155687,res_add
32,16384,1024,a100,108,54,7,6912,432,40,40,1555,0,0.0018996224343776707,res_add
128,8192,16384,a100,108,54,7,6912,432,40,40,1555,0,,res_add
64,8192,4096,a100,108,54,7,6912,432,40,40,1555,0,0.00756546561717987,res_add
32,2048,8192,a100,108,54,7,6912,432,40,40,1555,0,0.0018993152260780334,res_add
8,8192,16384,a100,108,54,7,6912,432,40,40,1555,0,0.0037869567871093744,res_add
64,1024,4096,a100,108,54,7,6912,432,40,40,1555,0,0.000957184013724327,res_add
128,16384,8192,a100,108,54,7,6912,432,40,40,1555,0,,res_add
64,8192,8192,a100,108,54,7,6912,432,40,40,1555,0,0.015130931091308591,res_add
64,16384,2048,a100,108,54,7,6912,432,40,40,1555,0,0.007565721631050111,res_add
128,8192,16384,a100,108,54,7,6912,432,40,40,1555,0,,res_add
64,8192,4096,a100,108,54,7,6912,432,40,40,1555,0,0.007567360043525695,res_add
16,1024,8192,a100,108,54,7,6912,432,40,40,1555,0,0.0004861951991915703,res_add
32,8192,16384,a100,108,54,7,6912,432,40,40,1555,0,0.015127705526351926,res_add
64,2048,4096,a100,108,54,7,6912,432,40,40,1555,0,0.0018999808311462405,res_add
128,16384,8192,a100,108,54,7,6912,432,40,40,1555,0,,res_add
32,8192,8192,a100,108,54,7,6912,432,40,40,1555,0,0.007566079998016358,res_add
32,8192,8192,a100,108,54,7,6912,432,40,40,1555,0,0.007565158390998842,res_add
128,256,8192,a100,108,54,7,6912,432,40,40,1555,0,0.0009565184056758883,res_add
64,16384,16384,a100,108,54,7,6912,432,40,40,1555,0,,res_add
16,8192,4096,a100,108,54,7,6912,432,40,40,1555,0,0.0018997760295867924,res_add
4,16384,4096,a100,108,54,7,6912,432,40,40,1555,0,0.0009568256080150607,res_add
64,4096,8192,a100,108,54,7,6912,432,40,40,1555,0,0.007566694474220277,res_add
128,8192,2048,a100,108,54,7,6912,432,40,40,1555,0,0.007565772843360902,res_add
64,4096,16384,a100,108,54,7,6912,432,40,40,1555,0,0.015128934240341185,res_add
64,8192,8192,a100,108,54,7,6912,432,40,40,1555,0,0.015131187248229983,res_add
128,4096,8192,a100,108,54,7,6912,432,40,40,1555,0,0.015127142333984373,res_add
64,16384,4096,a100,108,54,7,6912,432,40,40,1555,0,0.015129343986511232,res_add
4,4096,16384,a100,108,54,7,6912,432,40,40,1555,0,0.000957132813334465,res_add
16,16384,16384,a100,108,54,7,6912,432,40,40,1555,0,0.01512883186340332,res_add
64,8192,8192,a100,108,54,7,6912,432,40,40,1555,0,0.01512734718322754,res_add
128,8192,16384,a100,108,54,7,6912,432,40,40,1555,0,,res_add
32,1024,2048,a100,108,54,7,6912,432,40,40,1555,0,0.0002506751991808415,res_add
32,16384,16384,a100,108,54,7,6912,432,40,40,1555,0,0.030238361740112303,res_add
128,4096,1024,a100,108,54,7,6912,432,40,40,1555,0,0.001899776029586792,res_add
64,8192,8192,a100,108,54,7,6912,432,40,40,1555,0,0.015126988792419435,res_add
32,2048,4096,a100,108,54,7,6912,432,40,40,1555,0,0.0009570304125547408,res_add
16,8192,4096,a100,108,54,7,6912,432,40,40,1555,0,0.0019001856386661534,res_add
64,2048,16384,a100,108,54,7,6912,432,40,40,1555,0,0.0075656192541122425,res_add
128,16384,8192,a100,108,54,7,6912,432,40,40,1555,0,,res_add
64,8192,8192,a100,108,54,7,6912,432,40,40,1555,0,0.015126835060119628,res_add
64,8192,16384,a100,108,54,7,6912,432,40,40,1555,0,0.030239283275604247,res_add
128,2048,4096,a100,108,54,7,6912,432,40,40,1555,0,0.0037853183746337895,res_add
64,16384,8192,a100,108,54,7,6912,432,40,40,1555,0,0.030237542247772215,res_add
16,8192,8192,a100,108,54,7,6912,432,40,40,1555,0,0.003787059187889099,res_add
32,16384,2048,a100,108,54,7,6912,432,40,40,1555,0,0.003787519991397858,res_add
64,4096,16384,a100,108,54,7,6912,432,40,40,1555,0,0.015126988744735717,res_add
128,8192,4096,a100,108,54,7,6912,432,40,40,1555,0,0.015131238412857056,res_add
32,4096,8192,a100,108,54,7,6912,432,40,40,1555,0,0.003786598384380341,res_add
32,16384,4096,a100,108,54,7,6912,432,40,40,1555,0,0.007565772867202759,res_add
128,8192,8192,a100,108,54,7,6912,432,40,40,1555,0,0.030239231872558593,res_add
64,8192,2048,a100,108,54,7,6912,432,40,40,1555,0,0.0037858303785324094,res_add
16,512,16384,a100,108,54,7,6912,432,40,40,1555,0,0.00048542720079422,res_add
8,8192,8192,a100,108,54,7,6912,432,40,40,1555,0,0.0018995200395584108,res_add
64,4096,8192,a100,108,54,7,6912,432,40,40,1555,0,0.007564441657066346,res_add
128,16384,16384,a100,108,54,7,6912,432,40,40,1555,0,,res_add
64,4096,4096,a100,108,54,7,6912,432,40,40,1555,0,0.0037874175786972047,res_add
64,16384,8192,a100,108,54,7,6912,432,40,40,1555,0,0.030238822364807127,res_add
128,4096,4096,a100,108,54,7,6912,432,40,40,1555,0,0.007566028809547423,res_add
64,8192,16384,a100,108,54,7,6912,432,40,40,1555,0,0.030239334392547612,res_add
1,4096,1024,a100,108,54,7,6912,432,40,40,1555,0,2.3296000249683854e-05,res_add
16,8192,8192,a100,108,54,7,6912,432,40,40,1555,0,0.0037867519855499265,res_add
64,1024,8192,a100,108,54,7,6912,432,40,40,1555,0,0.0019005952358245853,res_add
128,16384,4096,a100,108,54,7,6912,432,40,40,1555,0,0.03023918113708496,res_add
32,8192,16384,a100,108,54,7,6912,432,40,40,1555,0,0.015129446315765382,res_add
32,8192,4096,a100,108,54,7,6912,432,40,40,1555,0,0.00378531837463379,res_add
128,2048,16384,a100,108,54,7,6912,432,40,40,1555,0,0.015130470275878905,res_add
64,16384,8192,a100,108,54,7,6912,432,40,40,1555,0,0.030240307235717773,res_add
32,4096,8192,a100,108,54,7,6912,432,40,40,1555,0,0.0037869055867195134,res_add
8,16384,16384,a100,108,54,7,6912,432,40,40,1555,0,0.007564953589439391,res_add
64,8192,2048,a100,108,54,7,6912,432,40,40,1555,0,0.003785471975803375,res_add
128,8192,8192,a100,108,54,7,6912,432,40,40,1555,0,0.030239846324920654,res_add
64,2048,8192,a100,108,54,7,6912,432,40,40,1555,0,0.0037850111722946174,res_add
64,8192,8192,a100,108,54,7,6912,432,40,40,1555,0,0.015130470228195192,res_add
128,4096,4096,a100,108,54,7,6912,432,40,40,1555,0,0.007565772867202758,res_add
64,16384,16384,a100,108,54,7,6912,432,40,40,1555,0,,res_add
8,4096,2048,a100,108,54,7,6912,432,40,40,1555,0,0.0002508287981152535,res_add
32,16384,8192,a100,108,54,7,6912,432,40,40,1555,0,0.01512831997871399,res_add
64,8192,8192,a100,108,54,7,6912,432,40,40,1555,0,0.01513087992668152,res_add
128,8192,4096,a100,108,54,7,6912,432,40,40,1555,0,0.01512842230796814,res_add
32,2048,16384,a100,108,54,7,6912,432,40,40,1555,0,0.0037863423824310307,res_add
32,16384,4096,a100,108,54,7,6912,432,40,40,1555,0,0.007565312051773071,res_add
128,4096,16384,a100,108,54,7,6912,432,40,40,1555,0,0.0302393346786499,res_add
64,8192,8192,a100,108,54,7,6912,432,40,40,1555,0,0.015129855966567993,res_add
32,4096,8192,a100,108,54,7,6912,432,40,40,1555,0,0.00378659838438034,res_add
2,8192,16384,a100,108,54,7,6912,432,40,40,1555,0,0.0009565184116363526,res_add
64,512,2048,a100,108,54,7,6912,432,40,40,1555,0,0.00025011199787259105,res_add
128,16384,8192,a100,108,54,7,6912,432,40,40,1555,0,,res_add
64,8192,4096,a100,108,54,7,6912,432,40,40,1555,0,0.007566591954231263,res_add
64,16384,16384,a100,108,54,7,6912,432,40,40,1555,0,,res_add
128,8192,2048,a100,108,54,7,6912,432,40,40,1555,0,0.007566438484191894,res_add
64,8192,8192,a100,108,54,7,6912,432,40,40,1555,0,0.015130879878997801,res_add
8,1024,8192,a100,108,54,7,6912,432,40,40,1555,0,0.0002501119993627072,res_add
16,8192,1024,a100,108,54,7,6912,432,40,40,1555,0,0.00048568319827318194,res_add
64,4096,16384,a100,108,54,7,6912,432,40,40,1555,0,0.01512842240333557,res_add
128,16384,4096,a100,108,54,7,6912,432,40,40,1555,0,0.030239743995666507,res_add
32,4096,8192,a100,108,54,7,6912,432,40,40,1555,0,0.003786598384380341,res_add
32,8192,8192,a100,108,54,7,6912,432,40,40,1555,0,0.007566182422637939,res_add
128,2048,16384,a100,108,54,7,6912,432,40,40,1555,0,0.015130572795867917,res_add
64,16384,2048,a100,108,54,7,6912,432,40,40,1555,0,0.007565619230270386,res_add
32,8192,16384,a100,108,54,7,6912,432,40,40,1555,0,0.015130623865127563,res_add
16,16384,8192,a100,108,54,7,6912,432,40,40,1555,0,0.007565260863304138,res_add
64,4096,8192,a100,108,54,7,6912,432,40,40,1555,0,0.007566336035728453,res_add
128,8192,16384,a100,108,54,7,6912,432,40,40,1555,0,,res_add
64,2048,4096,a100,108,54,7,6912,432,40,40,1555,0,0.0018993152260780334,res_add
64,16384,8192,a100,108,54,7,6912,432,40,40,1555,0,0.030242559909820554,res_add
128,8192,8192,a100,108,54,7,6912,432,40,40,1555,0,0.030239641857147215,res_add
64,8192,4096,a100,108,54,7,6912,432,40,40,1555,0,0.007565107226371765,res_add
16,2048,16384,a100,108,54,7,6912,432,40,40,1555,0,0.0018998272299766542,res_add
32,8192,8192,a100,108,54,7,6912,432,40,40,1555,0,0.007565363216400145,res_add
64,1024,4096,a100,108,54,7,6912,432,40,40,1555,0,0.0009572352081537248,res_add
128,16384,16384,a100,108,54,7,6912,432,40,40,1555,0,,res_add
32,8192,2048,a100,108,54,7,6912,432,40,40,1555,0,0.001899417632818222,res_add
32,8192,16384,a100,108,54,7,6912,432,40,40,1555,0,0.015129600048065184,res_add
128,4096,2048,a100,108,54,7,6912,432,40,40,1555,0,0.00378659838438034,res_add
64,16384,8192,a100,108,54,7,6912,432,40,40,1555,0,0.030239539146423338,res_add
16,4096,8192,a100,108,54,7,6912,432,40,40,1555,0,0.001899878424406052,res_add
8,16384,4096,a100,108,54,7,6912,432,40,40,1555,0,0.001899776029586792,res_add
64,8192,16384,a100,108,54,7,6912,432,40,40,1555,0,0.030240512084960935,res_add
128,8192,8192,a100,108,54,7,6912,432,40,40,1555,0,0.030240665721893312,res_add
64,512,8192,a100,108,54,7,6912,432,40,40,1555,0,0.000957132810354233,res_add
64,8192,2048,a100,108,54,7,6912,432,40,40,1555,0,0.003786444783210754,res_add
128,1024,16384,a100,108,54,7,6912,432,40,40,1555,0,0.007563468837738037,res_add
64,16384,8192,a100,108,54,7,6912,432,40,40,1555,0,0.030240511989593506,res_add
4,8192,8192,a100,108,54,7,6912,432,40,40,1555,0,0.0009569280087947847,res_add
16,16384,16384,a100,108,54,7,6912,432,40,40,1555,0,0.015128063917160034,res_add
64,4096,4096,a100,108,54,7,6912,432,40,40,1555,0,0.0037869567871093744,res_add
128,8192,8192,a100,108,54,7,6912,432,40,40,1555,0,0.03024061412811279,res_add
32,4096,8192,a100,108,54,7,6912,432,40,40,1555,0,0.0037864447832107544,res_add
32,16384,8192,a100,108,54,7,6912,432,40,40,1555,0,0.015130265474319457,res_add
128,8192,8192,a100,108,54,7,6912,432,40,40,1555,0,0.03023923206329345,res_add
64,8192,16384,a100,108,54,7,6912,432,40,40,1555,0,0.030237849712371822,res_add
32,2048,4096,a100,108,54,7,6912,432,40,40,1555,0,0.0009569792121648789,res_add
8,8192,4096,a100,108,54,7,6912,432,40,40,1555,0,0.0009570304125547411,res_add
64,2048,8192,a100,108,54,7,6912,432,40,40,1555,0,0.0037862911820411684,res_add
128,16384,1024,a100,108,54,7,6912,432,40,40,1555,0,0.007565260815620423,res_add
64,4096,16384,a100,108,54,7,6912,432,40,40,1555,0,0.015129599952697756,res_add
64,8192,4096,a100,108,54,7,6912,432,40,40,1555,0,0.0075646976470947255,res_add
128,512,8192,a100,108,54,7,6912,432,40,40,1555,0,0.0019004928290843963,res_add
64,16384,1024,a100,108,54,7,6912,432,40,40,1555,0,0.0037863423824310307,res_add
8,8192,16384,a100,108,54,7,6912,432,40,40,1555,0,0.003785676777362823,res_add
32,16384,8192,a100,108,54,7,6912,432,40,40,1555,0,0.015127859115600583,res_add
64,4096,8192,a100,108,54,7,6912,432,40,40,1555,0,0.007565312051773072,res_add
128,8192,16384,a100,108,54,7,6912,432,40,40,1555,0,,res_add
32,4096,2048,a100,108,54,7,6912,432,40,40,1555,0,0.0009571840077638626,res_add
32,16384,16384,a100,108,54,7,6912,432,40,40,1555,0,0.030238361644744867,res_add
128,8192,4096,a100,108,54,7,6912,432,40,40,1555,0,0.015129497528076168,res_add
64,8192,8192,a100,108,54,7,6912,432,40,40,1555,0,0.01513041911125183,res_add
16,2048,8192,a100,108,54,7,6912,432,40,40,1555,0,0.0009568256109952929,res_add
4,8192,2048,a100,108,54,7,6912,432,40,40,1555,0,0.00024990719854831695,res_add
64,4096,16384,a100,108,54,7,6912,432,40,40,1555,0,0.015130623960494994,res_add
128,16384,8192,a100,108,54,7,6912,432,40,40,1555,0,,res_add
64,4096,16384,a100,108,54,7,6912,432,40,40,1555,0,0.015131494235992433,res_add
64,16384,4096,a100,108,54,7,6912,432,40,40,1555,0,0.01512954864501953,res_add
128,4096,16384,a100,108,54,7,6912,432,40,40,1555,0,0.03024143381118774,res_add
64,8192,8192,a100,108,54,7,6912,432,40,40,1555,0,0.015129446268081662,res_add
8,2048,8192,a100,108,54,7,6912,432,40,40,1555,0,0.00048558080047369004,res_add
16,8192,16384,a100,108,54,7,6912,432,40,40,1555,0,0.007567001605033874,res_add
64,2048,2048,a100,108,54,7,6912,432,40,40,1555,0,0.0009568768084049226,res_add
128,16384,8192,a100,108,54,7,6912,432,40,40,1555,0,,res_add
32,8192,4096,a100,108,54,7,6912,432,40,40,1555,0,0.003787007987499238,res_add
32,8192,8192,a100,108,54,7,6912,432,40,40,1555,0,0.007568384051322938,res_add
128,4096,4096,a100,108,54,7,6912,432,40,40,1555,0,0.00756582407951355,res_add
64,16384,16384,a100,108,54,7,6912,432,40,40,1555,0,,res_add
32,4096,2048,a100,108,54,7,6912,432,40,40,1555,0,0.0009573376119136809,res_add
16,16384,8192,a100,108,54,7,6912,432,40,40,1555,0,0.007566438484191894,res_add
64,8192,8192,a100,108,54,7,6912,432,40,40,1555,0,0.0151286271572113,res_add
128,8192,4096,a100,108,54,7,6912,432,40,40,1555,0,0.01513134078979492,res_add
64,1024,16384,a100,108,54,7,6912,432,40,40,1555,0,0.0037885439872741697,res_add
64,16384,8192,a100,108,54,7,6912,432,40,40,1555,0,0.03024056320190429,res_add
128,8192,8192,a100,108,54,7,6912,432,40,40,1555,0,0.03024010248184204,res_add
64,8192,16384,a100,108,54,7,6912,432,40,40,1555,0,0.030239283370971683,res_add
16,256,4096,a100,108,54,7,6912,432,40,40,1555,0,7.35232025384903e-05,res_add
32,8192,8192,a100,108,54,7,6912,432,40,40,1555,0,0.007566848063468934,res_add
64,4096,8192,a100,108,54,7,6912,432,40,40,1555,0,0.007565004801750183,res_add
128,16384,2048,a100,108,54,7,6912,432,40,40,1555,0,0.015129804849624636,res_add
32,4096,16384,a100,108,54,7,6912,432,40,40,1555,0,0.007565312027931213,res_add
32,8192,1024,a100,108,54,7,6912,432,40,40,1555,0,0.0009568768084049226,res_add
128,1024,16384,a100,108,54,7,6912,432,40,40,1555,0,0.0075657728433609,res_add
64,16384,4096,a100,108,54,7,6912,432,40,40,1555,0,0.015129497480392454,res_add
16,8192,8192,a100,108,54,7,6912,432,40,40,1555,0,0.0037863935828208926,res_add
8,16384,16384,a100,108,54,7,6912,432,40,40,1555,0,0.007565158462524413,res_add
64,8192,4096,a100,108,54,7,6912,432,40,40,1555,0,0.00756613121032715,res_add
128,8192,8192,a100,108,54,7,6912,432,40,40,1555,0,0.030240921592712404,res_add
64,2048,8192,a100,108,54,7,6912,432,40,40,1555,0,0.003786547183990478,res_add
64,8192,16384,a100,108,54,7,6912,432,40,40,1555,0,0.030241433715820314,res_add
128,2048,2048,a100,108,54,7,6912,432,40,40,1555,0,0.0018996224343776705,res_add
64,16384,8192,a100,108,54,7,6912,432,40,40,1555,0,0.030240409564971926,res_add
2,4096,4096,a100,108,54,7,6912,432,40,40,1555,0,0.00013189119622111317,res_add
32,16384,4096,a100,108,54,7,6912,432,40,40,1555,0,0.007565977597236634,res_add
64,8192,16384,a100,108,54,7,6912,432,40,40,1555,0,0.030241894435882564,res_add
128,8192,8192,a100,108,54,7,6912,432,40,40,1555,0,0.030240614223480226,res_add
32,2048,8192,a100,108,54,7,6912,432,40,40,1555,0,0.0019000832259654997,res_add
32,16384,8192,a100,108,54,7,6912,432,40,40,1555,0,0.015129190254211425,res_add
128,4096,8192,a100,108,54,7,6912,432,40,40,1555,0,0.01513200640678406,res_add
64,8192,4096,a100,108,54,7,6912,432,40,40,1555,0,0.007565056061744689,res_add
32,4096,16384,a100,108,54,7,6912,432,40,40,1555,0,0.007565772819519044,res_add
8,8192,8192,a100,108,54,7,6912,432,40,40,1555,0,0.001898905628919601,res_add
64,1024,8192,a100,108,54,7,6912,432,40,40,1555,0,0.0019001856267452243,res_add
128,16384,16384,a100,108,54,7,6912,432,40,40,1555,0,,res_add
64,8192,2048,a100,108,54,7,6912,432,40,40,1555,0,0.003787007987499238,res_add
64,16384,16384,a100,108,54,7,6912,432,40,40,1555,0,,res_add
128,4096,2048,a100,108,54,7,6912,432,40,40,1555,0,0.0037871615886688227,res_add
64,8192,16384,a100,108,54,7,6912,432,40,40,1555,0,0.030244095897674565,res_add
8,4096,8192,a100,108,54,7,6912,432,40,40,1555,0,0.0009566208094358445,res_add
32,8192,4096,a100,108,54,7,6912,432,40,40,1555,0,0.0037866495847702028,res_add
64,512,16384,a100,108,54,7,6912,432,40,40,1555,0,0.0018996224343776705,res_add
128,16384,8192,a100,108,54,7,6912,432,40,40,1555,0,,res_add
32,8192,8192,a100,108,54,7,6912,432,40,40,1555,0,0.007567718458175658,res_add
32,8192,8192,a100,108,54,7,6912,432,40,40,1555,0,0.007565414452552796,res_add
128,2048,8192,a100,108,54,7,6912,432,40,40,1555,0,0.0075661823987960815,res_add
64,16384,2048,a100,108,54,7,6912,432,40,40,1555,0,0.007567308831214904,res_add
16,4096,16384,a100,108,54,7,6912,432,40,40,1555,0,0.0037863423824310303,res_add
2,16384,8192,a100,108,54,7,6912,432,40,40,1555,0,0.0009569792091846469,res_add
64,8192,4096,a100,108,54,7,6912,432,40,40,1555,0,0.007565516829490662,res_add
128,8192,16384,a100,108,54,7,6912,432,40,40,1555,0,,res_add
64,1024,1024,a100,108,54,7,6912,432,40,40,1555,0,0.0002505215972661972,res_add
64,8192,8192,a100,108,54,7,6912,432,40,40,1555,0,0.015131494331359862,res_add
128,2048,8192,a100,108,54,7,6912,432,40,40,1555,0,0.007565926432609558,res_add
64,16384,16384,a100,108,54,7,6912,432,40,40,1555,0,,res_add
8,8192,4096,a100,108,54,7,6912,432,40,40,1555,0,0.0009568768084049226,res_add
16,16384,4096,a100,108,54,7,6912,432,40,40,1555,0,0.0037855743765830992,res_add
64,4096,8192,a100,108,54,7,6912,432,40,40,1555,0,0.007565414428710939,res_add
128,8192,1024,a100,108,54,7,6912,432,40,40,1555,0,0.0037868031859397883,res_add
32,2048,16384,a100,108,54,7,6912,432,40,40,1555,0,0.003786547183990478,res_add
32,16384,2048,a100,108,54,7,6912,432,40,40,1555,0,0.003786188781261444,res_add
128,8192,16384,a100,108,54,7,6912,432,40,40,1555,0,,res_add
64,8192,4096,a100,108,54,7,6912,432,40,40,1555,0,0.007567411255836489,res_add
32,1024,8192,a100,108,54,7,6912,432,40,40,1555,0,0.0009570304125547409,res_add
16,8192,16384,a100,108,54,7,6912,432,40,40,1555,0,0.007564595222473144,res_add
64,4096,4096,a100,108,54,7,6912,432,40,40,1555,0,0.0037863423824310307,res_add
128,16384,8192,a100,108,54,7,6912,432,40,40,1555,0,,res_add
64,4096,8192,a100,108,54,7,6912,432,40,40,1555,0,0.0075669504404068,res_add
64,8192,4096,a100,108,54,7,6912,432,40,40,1555,0,0.007565312027931213,res_add
128,4096,16384,a100,108,54,7,6912,432,40,40,1555,0,0.030240307044982907,res_add
64,16384,8192,a100,108,54,7,6912,432,40,40,1555,0,0.03024148473739624,res_add
16,4096,8192,a100,108,54,7,6912,432,40,40,1555,0,0.0018995200335979463,res_add
32,16384,16384,a100,108,54,7,6912,432,40,40,1555,0,0.030238668823242183,res_add
64,8192,1024,a100,108,54,7,6912,432,40,40,1555,0,0.0018995712339878086,res_add
128,8192,8192,a100,108,54,7,6912,432,40,40,1555,0,0.030241638469696047,res_add
32,512,4096,a100,108,54,7,6912,432,40,40,1555,0,0.0002499072000384331,res_add
32,16384,8192,a100,108,54,7,6912,432,40,40,1555,0,0.015130009460449215,res_add
128,4096,8192,a100,108,54,7,6912,432,40,40,1555,0,0.01512954878807068,res_add
64,16384,16384,a100,108,54,7,6912,432,40,40,1555,0,,res_add
16,2048,2048,a100,108,54,7,6912,432,40,40,1555,0,0.00025072639882564547,res_add
4,8192,8192,a100,108,54,7,6912,432,40,40,1555,0,0.0009561600059270857,res_add
64,1024,8192,a100,108,54,7,6912,432,40,40,1555,0,0.0019000320374965665,res_add
128,16384,4096,a100,108,54,7,6912,432,40,40,1555,0,0.030241638565063476,res_add
64,8192,16384,a100,108,54,7,6912,432,40,40,1555,0,0.030240716838836668,res_add
64,16384,8192,a100,108,54,7,6912,432,40,40,1555,0,0.030243481636047363,res_add
128,8192,8192,a100,108,54,7,6912,432,40,40,1555,0,0.030239539146423335,res_add
64,8192,2048,a100,108,54,7,6912,432,40,40,1555,0,0.003787622392177582,res_add
4,2048,16384,a100,108,54,7,6912,432,40,40,1555,0,0.0004857855990529061,res_add
16,8192,8192,a100,108,54,7,6912,432,40,40,1555,0,0.0037877247929573054,res_add
64,2048,8192,a100,108,54,7,6912,432,40,40,1555,0,0.003785267174243928,res_add
128,16384,16384,a100,108,54,7,6912,432,40,40,1555,0,,res_add
64,4096,4096,a100,108,54,7,6912,432,40,40,1555,0,0.003787007987499237,res_add
32,8192,16384,a100,108,54,7,6912,432,40,40,1555,0,0.015129036808013915,res_add
128,1024,4096,a100,108,54,7,6912,432,40,40,1555,0,0.001899929636716843,res_add
64,16384,8192,a100,108,54,7,6912,432,40,40,1555,0,0.030238310337066653,res_add
32,8192,8192,a100,108,54,7,6912,432,40,40,1555,0,0.007566080021858215,res_add
16,16384,2048,a100,108,54,7,6912,432,40,40,1555,0,0.0018997248232364653,res_add
64,4096,16384,a100,108,54,7,6912,432,40,40,1555,0,0.015129497575759886,res_add
128,8192,4096,a100,108,54,7,6912,432,40,40,1555,0,0.015130521535873413,res_add
64,4096,8192,a100,108,54,7,6912,432,40,40,1555,0,0.007565926432609558,res_add
64,16384,8192,a100,108,54,7,6912,432,40,40,1555,0,0.030239129734039305,res_add
128,4096,16384,a100,108,54,7,6912,432,40,40,1555,0,0.030239538955688476,res_add
64,8192,2048,a100,108,54,7,6912,432,40,40,1555,0,0.0037863935828208926,res_add
16,4096,16384,a100,108,54,7,6912,432,40,40,1555,0,0.0037861887812614447,res_add
32,8192,8192,a100,108,54,7,6912,432,40,40,1555,0,0.0075663359880447385,res_add
64,1024,8192,a100,108,54,7,6912,432,40,40,1555,0,0.0019000320315361024,res_add
128,16384,16384,a100,108,54,7,6912,432,40,40,1555,0,,res_add
32,8192,4096,a100,108,54,7,6912,432,40,40,1555,0,0.0037858303785324086,res_add
64,8192,16384,a100,108,54,7,6912,432,40,40,1555,0,0.03024071674346924,res_add
128,2048,4096,a100,108,54,7,6912,432,40,40,1555,0,0.0037853695750236513,res_add
64,16384,8192,a100,108,54,7,6912,432,40,40,1555,0,0.030241382408142094,res_add
16,4096,8192,a100,108,54,7,6912,432,40,40,1555,0,0.0018995712399482733,res_add
4,16384,1024,a100,108,54,7,6912,432,40,40,1555,0,0.0002501119993627072,res_add
64,8192,16384,a100,108,54,7,6912,432,40,40,1555,0,0.03024296960830688,res_add
128,8192,4096,a100,108,54,7,6912,432,40,40,1555,0,0.015128883075714111,res_add
64,2048,8192,a100,108,54,7,6912,432,40,40,1555,0,0.0037853695750236513,res_add
64,8192,4096,a100,108,54,7,6912,432,40,40,1555,0,0.007566387248039245,res_add
128,2048,16384,a100,108,54,7,6912,432,40,40,1555,0,0.015130572748184204,res_add
64,16384,8192,a100,108,54,7,6912,432,40,40,1555,0,0.03023979511260987,res_add
4,8192,8192,a100,108,54,7,6912,432,40,40,1555,0,0.0009571840018033982,res_add
16,16384,16384,a100,108,54,7,6912,432,40,40,1555,0,0.01513123831748962,res_add
64,4096,2048,a100,108,54,7,6912,432,40,40,1555,0,0.0018999296307563782,res_add
128,16384,8192,a100,108,54,7,6912,432,40,40,1555,0,,res_add
32,4096,4096,a100,108,54,7,6912,432,40,40,1555,0,0.0019000320315361026,res_add
32,16384,8192,a100,108,54,7,6912,432,40,40,1555,0,0.015131955194473265,res_add
128,8192,4096,a100,108,54,7,6912,432,40,40,1555,0,0.015129190349578858,res_add
64,8192,16384,a100,108,54,7,6912,432,40,40,1555,0,0.030240358352661128,res_add
32,512,2048,a100,108,54,7,6912,432,40,40,1555,0,0.00013240319639444353,res_add
16,8192,8192,a100,108,54,7,6912,432,40,40,1555,0,0.00378711038827896,res_add
64,4096,8192,a100,108,54,7,6912,432,40,40,1555,0,0.007567052817344666,res_add
128,16384,4096,a100,108,54,7,6912,432,40,40,1555,0,0.030241945457458497,res_add
64,4096,16384,a100,108,54,7,6912,432,40,40,1555,0,0.01512980465888977,res_add
64,8192,8192,a100,108,54,7,6912,432,40,40,1555,0,0.015131084680557252,res_add
128,4096,8192,a100,108,54,7,6912,432,40,40,1555,0,0.015129241514205933,res_add
64,16384,16384,a100,108,54,7,6912,432,40,40,1555,0,,res_add
16,4096,4096,a100,108,54,7,6912,432,40,40,1555,0,0.0009573888063430788,res_add
32,16384,4096,a100,108,54,7,6912,432,40,40,1555,0,0.007566079974174501,res_add
64,8192,8192,a100,108,54,7,6912,432,40,40,1555,0,0.015131443071365356,res_add
128,8192,1024,a100,108,54,7,6912,432,40,40,1555,0,0.003786035180091858,res_add
32,1024,16384,a100,108,54,7,6912,432,40,40,1555,0,0.00189998083114624,res_add
32,16384,2048,a100,108,54,7,6912,432,40,40,1555,0,0.0037864447832107544,res_add
128,4096,16384,a100,108,54,7,6912,432,40,40,1555,0,0.03024158735275268,res_add
64,8192,8192,a100,108,54,7,6912,432,40,40,1555,0,0.015129036712646485,res_add
16,2048,8192,a100,108,54,7,6912,432,40,40,1555,0,0.0009573376119136813,res_add
8,8192,16384,a100,108,54,7,6912,432,40,40,1555,0,0.003786649584770202,res_add
64,2048,4096,a100,108,54,7,6912,432,40,40,1555,0,0.0018998784303665163,res_add
128,16384,8192,a100,108,54,7,6912,432,40,40,1555,0,,res_add
64,8192,8192,a100,108,54,7,6912,432,40,40,1555,0,0.015131955099105834,res_add
64,16384,16384,a100,108,54,7,6912,432,40,40,1555,0,,res_add
128,8192,2048,a100,108,54,7,6912,432,40,40,1555,0,0.0075675647974014285,res_add
64,8192,8192,a100,108,54,7,6912,432,40,40,1555,0,0.015131443119049074,res_add
2,1024,8192,a100,108,54,7,6912,432,40,40,1555,0,7.347200252115726e-05,res_add
16,8192,4096,a100,108,54,7,6912,432,40,40,1555,0,0.0019003392279148105,res_add
64,2048,16384,a100,108,54,7,6912,432,40,40,1555,0,0.007566233563423158,res_add
128,16384,8192,a100,108,54,7,6912,432,40,40,1555,0,,res_add
32,4096,8192,a100,108,54,7,6912,432,40,40,1555,0,0.0037869567871093752,res_add
32,8192,8192,a100,108,54,7,6912,432,40,40,1555,0,0.007566643238067628,res_add
128,512,8192,a100,108,54,7,6912,432,40,40,1555,0,0.0018998272359371181,res_add
64,16384,4096,a100,108,54,7,6912,432,40,40,1555,0,0.015130060720443723,res_add
32,8192,16384,a100,108,54,7,6912,432,40,40,1555,0,0.015130316638946534,res_add
8,16384,8192,a100,108,54,7,6912,432,40,40,1555,0,0.0037861887812614447,res_add
64,4096,4096,a100,108,54,7,6912,432,40,40,1555,0,0.003786598384380341,res_add
128,8192,16384,a100,108,54,7,6912,432,40,40,1555,0,,res_add
64,4096,2048,a100,108,54,7,6912,432,40,40,1555,0,0.0018994176268577576,res_add
64,8192,16384,a100,108,54,7,6912,432,40,40,1555,0,0.030239692783355716,res_add
128,1024,1024,a100,108,54,7,6912,432,40,40,1555,0,0.00048542719930410385,res_add
64,16384,8192,a100,108,54,7,6912,432,40,40,1555,0,0.03024276485443115,res_add
8,8192,4096,a100,108,54,7,6912,432,40,40,1555,0,0.0009569280117750168,res_add
32,16384,2048,a100,108,54,7,6912,432,40,40,1555,0,0.003786291182041169,res_add
64,4096,16384,a100,108,54,7,6912,432,40,40,1555,0,0.01513052158355713,res_add
128,8192,8192,a100,108,54,7,6912,432,40,40,1555,0,0.03023805446624756,res_add
32,4096,8192,a100,108,54,7,6912,432,40,40,1555,0,0.0037862911820411684,res_add
32,16384,8192,a100,108,54,7,6912,432,40,40,1555,0,0.015132211160659792,res_add
128,8192,8192,a100,108,54,7,6912,432,40,40,1555,0,0.030241280078887933,res_add
64,8192,4096,a100,108,54,7,6912,432,40,40,1555,0,0.007566438508033751,res_add
32,2048,16384,a100,108,54,7,6912,432,40,40,1555,0,0.0037853183746337895,res_add
2,8192,16384,a100,108,54,7,6912,432,40,40,1555,0,0.000957337608933449,res_add
64,2048,8192,a100,108,54,7,6912,432,40,40,1555,0,0.003786291182041169,res_add
128,16384,16384,a100,108,54,7,6912,432,40,40,1555,0,,res_add
64,4096,2048,a100,108,54,7,6912,432,40,40,1555,0,0.00189936643242836,res_add
64,16384,8192,a100,108,54,7,6912,432,40,40,1555,0,0.03024276485443116,res_add
128,8192,8192,a100,108,54,7,6912,432,40,40,1555,0,0.03024491519927978,res_add
64,8192,16384,a100,108,54,7,6912,432,40,40,1555,0,0.030241536140441894,res_add
8,2048,4096,a100,108,54,7,6912,432,40,40,1555,0,0.00025011200085282327,res_add
16,8192,4096,a100,108,54,7,6912,432,40,40,1555,0,0.001900339239835739,res_add
64,1024,8192,a100,108,54,7,6912,432,40,40,1555,0,0.001900288021564484,res_add
128,16384,2048,a100,108,54,7,6912,432,40,40,1555,0,0.01512801284790039,res_add
32,8192,16384,a100,108,54,7,6912,432,40,40,1555,0,0.01513072633743286,res_add
32,8192,2048,a100,108,54,7,6912,432,40,40,1555,0,0.001899929636716843,res_add
128,4096,16384,a100,108,54,7,6912,432,40,40,1555,0,0.030241279983520507,res_add
64,16384,4096,a100,108,54,7,6912,432,40,40,1555,0,0.015128780746459961,res_add
32,4096,8192,a100,108,54,7,6912,432,40,40,1555,0,0.0037868543863296506,res_add
16,16384,16384,a100,108,54,7,6912,432,40,40,1555,0,0.015129804706573486,res_add
64,8192,4096,a100,108,54,7,6912,432,40,40,1555,0,0.007565926432609558,res_add
128,8192,8192,a100,108,54,7,6912,432,40,40,1555,0,0.03024317436218262,res_add
64,256,8192,a100,108,54,7,6912,432,40,40,1555,0,0.00048583680093288427,res_add
64,16384,4096,a100,108,54,7,6912,432,40,40,1555,0,0.015128319931030273,res_add
128,8192,16384,a100,108,54,7,6912,432,40,40,1555,0,,res_add
64,8192,8192,a100,108,54,7,6912,432,40,40,1555,0,0.015133183908462525,res_add
16,1024,8192,a100,108,54,7,6912,432,40,40,1555,0,0.0004858880028128625,res_add
32,8192,16384,a100,108,54,7,6912,432,40,40,1555,0,0.015132364797592163,res_add
64,4096,2048,a100,108,54,7,6912,432,40,40,1555,0,0.0019008512139320369,res_add
128,16384,8192,a100,108,54,7,6912,432,40,40,1555,0,,res_add
32,4096,8192,a100,108,54,7,6912,432,40,40,1555,0,0.0037859327793121336,res_add
32,8192,8192,a100,108,54,7,6912,432,40,40,1555,0,0.00756751368045807,res_add
128,2048,4096,a100,108,54,7,6912,432,40,40,1555,0,0.0037869567871093752,res_add
64,16384,16384,a100,108,54,7,6912,432,40,40,1555,0,,res_add
16,8192,1024,a100,108,54,7,6912,432,40,40,1555,0,0.00048583680093288427,res_add
8,16384,8192,a100,108,54,7,6912,432,40,40,1555,0,0.003786547183990479,res_add
64,4096,8192,a100,108,54,7,6912,432,40,40,1555,0,0.007567308831214906,res_add
128,8192,4096,a100,108,54,7,6912,432,40,40,1555,0,0.015130419301986695,res_add
64,2048,16384,a100,108,54,7,6912,432,40,40,1555,0,0.007565414428710937,res_add
64,8192,4096,a100,108,54,7,6912,432,40,40,1555,0,0.007565670442581177,res_add
128,4096,8192,a100,108,54,7,6912,432,40,40,1555,0,0.015131647872924803,res_add
64,16384,2048,a100,108,54,7,6912,432,40,40,1555,0,0.007565158414840699,res_add
4,4096,16384,a100,108,54,7,6912,432,40,40,1555,0,0.0009566208064556121,res_add
16,16384,8192,a100,108,54,7,6912,432,40,40,1555,0,0.007565670466423034,res_add
64,8192,8192,a100,108,54,7,6912,432,40,40,1555,0,0.01513047032356262,res_add
128,8192,16384,a100,108,54,7,6912,432,40,40,1555,0,,res_add
32,2048,4096,a100,108,54,7,6912,432,40,40,1555,0,0.00095626240670681,res_add
32,16384,16384,a100,108,54,7,6912,432,40,40,1555,0,0.030243020820617677,res_add
128,4096,4096,a100,108,54,7,6912,432,40,40,1555,0,0.007565721559524537,res_add
64,8192,8192,a100,108,54,7,6912,432,40,40,1555,0,0.015129087877273559,res_add
32,4096,8192,a100,108,54,7,6912,432,40,40,1555,0,0.00378659838438034,res_add
8,8192,2048,a100,108,54,7,6912,432,40,40,1555,0,0.0004854783996939659,res_add
64,512,16384,a100,108,54,7,6912,432,40,40,1555,0,0.0019002880334854128,res_add
128,16384,8192,a100,108,54,7,6912,432,40,40,1555,0,,res_add
64,8192,8192,a100,108,54,7,6912,432,40,40,1555,0,0.015130367898941038,res_add
64,8192,2048,a100,108,54,7,6912,432,40,40,1555,0,0.003786137580871583,res_add
128,2048,16384,a100,108,54,7,6912,432,40,40,1555,0,0.015132057523727416,res_add
64,16384,4096,a100,108,54,7,6912,432,40,40,1555,0,0.015130316686630249,res_add
8,4096,8192,a100,108,54,7,6912,432,40,40,1555,0,0.0009566720098257066,res_add
32,16384,16384,a100,108,54,7,6912,432,40,40,1555,0,0.030239488029479976,res_add
64,8192,4096,a100,108,54,7,6912,432,40,40,1555,0,0.007565311980247497,res_add
128,8192,8192,a100,108,54,7,6912,432,40,40,1555,0,0.030241740703582758,res_add
32,2048,8192,a100,108,54,7,6912,432,40,40,1555,0,0.0018999296247959134,res_add
32,16384,8192,a100,108,54,7,6912,432,40,40,1555,0,0.015129190349578856,res_add
128,4096,8192,a100,108,54,7,6912,432,40,40,1555,0,0.015132313537597659,res_add
64,8192,16384,a100,108,54,7,6912,432,40,40,1555,0,0.030241075229644775,res_add
16,4096,4096,a100,108,54,7,6912,432,40,40,1555,0,0.0009569280087947847,res_add
4,8192,4096,a100,108,54,7,6912,432,40,40,1555,0,0.0004854783996939659,res_add
64,1024,8192,a100,108,54,7,6912,432,40,40,1555,0,0.0019009024262428287,res_add
128,16384,2048,a100,108,54,7,6912,432,40,40,1555,0,0.015128934431076052,res_add
64,8192,16384,a100,108,54,7,6912,432,40,40,1555,0,0.030242969799041747,res_add
64,16384,8192,a100,108,54,7,6912,432,40,40,1555,0,0.030243737602233884,res_add
128,8192,8192,a100,108,54,7,6912,432,40,40,1555,0,0.030242304039001466,res_add
64,8192,2048,a100,108,54,7,6912,432,40,40,1555,0,0.003787059187889099,res_add
8,512,16384,a100,108,54,7,6912,432,40,40,1555,0,0.0002502655997872353,res_add
16,8192,8192,a100,108,54,7,6912,432,40,40,1555,0,0.0037869055867195134,res_add
64,4096,4096,a100,108,54,7,6912,432,40,40,1555,0,0.0037866495847702028,res_add
128,16384,16384,a100,108,54,7,6912,432,40,40,1555,0,,res_add
32,4096,1024,a100,108,54,7,6912,432,40,40,1555,0,0.0004861951977014542,res_add
32,8192,16384,a100,108,54,7,6912,432,40,40,1555,0,0.015132057666778562,res_add
128,1024,2048,a100,108,54,7,6912,432,40,40,1555,0,0.0009573888093233109,res_add
64,16384,16384,a100,108,54,7,6912,432,40,40,1555,0,,res_add
32,8192,8192,a100,108,54,7,6912,432,40,40,1555,0,0.007567001605033876,res_add
16,16384,4096,a100,108,54,7,6912,432,40,40,1555,0,0.0037871615886688236,res_add
64,4096,16384,a100,108,54,7,6912,432,40,40,1555,0,0.01513103356361389,res_add
128,8192,8192,a100,108,54,7,6912,432,40,40,1555,0,0.030238412761688233,res_add
64,2048,8192,a100,108,54,7,6912,432,40,40,1555,0,0.0037871103882789617,res_add
64,16384,16384,a100,108,54,7,6912,432,40,40,1555,0,,res_add
128,4096,4096,a100,108,54,7,6912,432,40,40,1555,0,0.007567001628875731,res_add
64,8192,8192,a100,108,54,7,6912,432,40,40,1555,0,0.01512883186340332,res_add
16,2048,8192,a100,108,54,7,6912,432,40,40,1555,0,0.0009570304065942765,res_add
32,8192,2048,a100,108,54,7,6912,432,40,40,1555,0,0.0018994176268577578,res_add
64,2048,16384,a100,108,54,7,6912,432,40,40,1555,0,0.007567257642745973,res_add
128,16384,4096,a100,108,54,7,6912,432,40,40,1555,0,0.03024046096801758,res_add
32,8192,8192,a100,108,54,7,6912,432,40,40,1555,0,0.007566643261909485,res_add
32,8192,8192,a100,108,54,7,6912,432,40,40,1555,0,0.007565926408767701,res_add
128,4096,8192,a100,108,54,7,6912,432,40,40,1555,0,0.015131187152862546,res_add
64,16384,2048,a100,108,54,7,6912,432,40,40,1555,0,0.007566284799575808,res_add
16,4096,16384,a100,108,54,7,6912,432,40,40,1555,0,0.0037864959836006163,res_add
8,16384,8192,a100,108,54,7,6912,432,40,40,1555,0,0.0037866495847702028,res_add
64,8192,8192,a100,108,54,7,6912,432,40,40,1555,0,0.015132262229919433,res_add
128,8192,16384,a100,108,54,7,6912,432,40,40,1555,0,,res_add
64,1024,4096,a100,108,54,7,6912,432,40,40,1555,0,0.0009566208034753798,res_add
64,8192,8192,a100,108,54,7,6912,432,40,40,1555,0,0.015131443071365356,res_add
128,512,8192,a100,108,54,7,6912,432,40,40,1555,0,0.0018997248291969296,res_add
64,16384,16384,a100,108,54,7,6912,432,40,40,1555,0,,res_add
2,8192,2048,a100,108,54,7,6912,432,40,40,1555,0,0.00013245439678430558,res_add
32,16384,8192,a100,108,54,7,6912,432,40,40,1555,0,0.015131084680557247,res_add
64,4096,8192,a100,108,54,7,6912,432,40,40,1555,0,0.007566182422637938,res_add
128,8192,4096,a100,108,54,7,6912,432,40,40,1555,0,0.015129907226562498,res_add
32,4096,16384,a100,108,54,7,6912,432,40,40,1555,0,0.007567052865028383,res_add
32,16384,4096,a100,108,54,7,6912,432,40,40,1555,0,0.007566387295722961,res_add
128,8192,16384,a100,108,54,7,6912,432,40,40,1555,0,,res_add
64,8192,8192,a100,108,54,7,6912,432,40,40,1555,0,0.015131443166732789,res_add
32,2048,8192,a100,108,54,7,6912,432,40,40,1555,0,0.0018996224284172057,res_add
8,8192,16384,a100,108,54,7,6912,432,40,40,1555,0,0.0037874175906181333,res_add
64,4096,1024,a100,108,54,7,6912,432,40,40,1555,0,0.0009575424045324326,res_add
128,16384,8192,a100,108,54,7,6912,432,40,40,1555,0,,res_add
64,4096,4096,a100,108,54,7,6912,432,40,40,1555,0,0.0037869055867195125,res_add
64,16384,8192,a100,108,54,7,6912,432,40,40,1555,0,0.03024245748519897,res_add
128,8192,4096,a100,108,54,7,6912,432,40,40,1555,0,0.015129190349578853,res_add
64,8192,16384,a100,108,54,7,6912,432,40,40,1555,0,0.030238822364807134,res_add
8,2048,2048,a100,108,54,7,6912,432,40,40,1555,0,0.0001321471966803074,res_add
32,8192,8192,a100,108,54,7,6912,432,40,40,1555,0,0.007566540837287904,res_add
64,2048,8192,a100,108,54,7,6912,432,40,40,1555,0,0.003786035180091858,res_add
128,16384,4096,a100,108,54,7,6912,432,40,40,1555,0,0.03024015369415283,res_add
32,4096,16384,a100,108,54,7,6912,432,40,40,1555,0,0.007566540861129763,res_add
32,8192,4096,a100,108,54,7,6912,432,40,40,1555,0,0.0037866495847702028,res_add
128,1024,16384,a100,108,54,7,6912,432,40,40,1555,0,0.007566131234169006,res_add
64,16384,8192,a100,108,54,7,6912,432,40,40,1555,0,0.030242099189758297,res_add
16,8192,8192,a100,108,54,7,6912,432,40,40,1555,0,0.003786547183990478,res_add
1,16384,16384,a100,108,54,7,6912,432,40,40,1555,0,0.0009566720098257063,res_add
64,4096,2048,a100,108,54,7,6912,432,40,40,1555,0,0.001900288039445877,res_add
128,8192,8192,a100,108,54,7,6912,432,40,40,1555,0,0.03024317455291748,res_add
64,4096,4096,a100,108,54,7,6912,432,40,40,1555,0,0.0037867007851600646,res_add
64,8192,16384,a100,108,54,7,6912,432,40,40,1555,0,0.030242713642120354,res_add
128,4096,4096,a100,108,54,7,6912,432,40,40,1555,0,0.007565312027931213,res_add
64,16384,8192,a100,108,54,7,6912,432,40,40,1555,0,0.030244301033020022,res_add
8,4096,8192,a100,108,54,7,6912,432,40,40,1555,0,0.0009574400067329408,res_add
16,16384,2048,a100,108,54,7,6912,432,40,40,1555,0,0.0018992640376091,res_add
64,8192,16384,a100,108,54,7,6912,432,40,40,1555,0,0.030245068740844726,res_add
128,8192,8192,a100,108,54,7,6912,432,40,40,1555,0,0.030238975811004636,res_add
32,512,16384,a100,108,54,7,6912,432,40,40,1555,0,0.0009570304125547411,res_add
32,16384,4096,a100,108,54,7,6912,432,40,40,1555,0,0.007566131234169005,res_add
128,4096,8192,a100,108,54,7,6912,432,40,40,1555,0,0.01512867841720581,res_add
64,8192,1024,a100,108,54,7,6912,432,40,40,1555,0,0.0019005440294742582,res_add
32,4096,16384,a100,108,54,7,6912,432,40,40,1555,0,0.007567564773559569,res_add
16,8192,8192,a100,108,54,7,6912,432,40,40,1555,0,0.0037868031859397883,res_add
64,2048,8192,a100,108,54,7,6912,432,40,40,1555,0,0.003787622392177582,res_add
128,16384,16384,a100,108,54,7,6912,432,40,40,1555,0,,res_add
64,8192,4096,a100,108,54,7,6912,432,40,40,1555,0,0.007566131210327148,res_add
64,8192,8192,a100,108,54,7,6912,432,40,40,1555,0,0.015131443166732789,res_add
128,2048,8192,a100,108,54,7,6912,432,40,40,1555,0,0.007566489601135255,res_add
64,16384,4096,a100,108,54,7,6912,432,40,40,1555,0,0.015127347087860107,res_add
16,8192,16384,a100,108,54,7,6912,432,40,40,1555,0,0.007569254422187806,res_add
32,16384,8192,a100,108,54,7,6912,432,40,40,1555,0,0.015132006406784058,res_add
64,4096,4096,a100,108,54,7,6912,432,40,40,1555,0,0.0037862911820411675,res_add
128,8192,16384,a100,108,54,7,6912,432,40,40,1555,0,,res_add
32,2048,2048,a100,108,54,7,6912,432,40,40,1555,0,0.00048573439866304407,res_add
32,16384,16384,a100,108,54,7,6912,432,40,40,1555,0,0.030242406368255613,res_add
128,8192,2048,a100,108,54,7,6912,432,40,40,1555,0,0.007566080021858215,res_add
64,8192,8192,a100,108,54,7,6912,432,40,40,1555,0,0.01512842240333557,res_add
16,1024,4096,a100,108,54,7,6912,432,40,40,1555,0,0.00025041919797658927,res_add
4,8192,4096,a100,108,54,7,6912,432,40,40,1555,0,0.0004865535989403725,res_add
64,4096,16384,a100,108,54,7,6912,432,40,40,1555,0,0.015131187105178832,res_add
128,16384,8192,a100,108,54,7,6912,432,40,40,1555,0,,res_add
64,4096,8192,a100,108,54,7,6912,432,40,40,1555,0,0.007564185643196106,res_add
64,16384,1024,a100,108,54,7,6912,432,40,40,1555,0,0.00378659838438034,res_add
128,4096,16384,a100,108,54,7,6912,432,40,40,1555,0,0.030240153789520264,res_add
64,8192,4096,a100,108,54,7,6912,432,40,40,1555,0,0.007566387248039245,res_add
4,4096,8192,a100,108,54,7,6912,432,40,40,1555,0,0.00048588799983263016,res_add
16,8192,16384,a100,108,54,7,6912,432,40,40,1555,0,0.007564595174789429,res_add
64,256,4096,a100,108,54,7,6912,432,40,40,1555,0,0.0002501119993627072,res_add
128,16384,8192,a100,108,54,7,6912,432,40,40,1555,0,,res_add
32,8192,8192,a100,108,54,7,6912,432,40,40,1555,0,0.007568691277503967,res_add
32,8192,8192,a100,108,54,7,6912,432,40,40,1555,0,0.007565209650993348,res_add
128,2048,8192,a100,108,54,7,6912,432,40,40,1555,0,0.007566438460350036,res_add
64,16384,16384,a100,108,54,7,6912,432,40,40,1555,0,,res_add
32,8192,4096,a100,108,54,7,6912,432,40,40,1555,0,0.0037869567751884466,res_add
16,16384,8192,a100,108,54,7,6912,432,40,40,1555,0,0.007565465617179872,res_add
64,8192,8192,a100,108,54,7,6912,432,40,40,1555,0,0.01513185272216797,res_add
128,8192,2048,a100,108,54,7,6912,432,40,40,1555,0,0.007565875244140626,res_add
64,1024,16384,a100,108,54,7,6912,432,40,40,1555,0,0.003786495983600617,res_add
64,8192,8192,a100,108,54,7,6912,432,40,40,1555,0,0.015130111932754514,res_add
128,1024,8192,a100,108,54,7,6912,432,40,40,1555,0,0.003787007987499237,res_add
64,16384,16384,a100,108,54,7,6912,432,40,40,1555,0,,res_add
16,8192,4096,a100,108,54,7,6912,432,40,40,1555,0,0.001899878430366516,res_add
32,16384,4096,a100,108,54,7,6912,432,40,40,1555,0,0.007566284799575805,res_add
64,8192,8192,a100,108,54,7,6912,432,40,40,1555,0,0.015128934431076047,res_add
128,8192,2048,a100,108,54,7,6912,432,40,40,1555,0,0.007566745686531066,res_add
32,2048,16384,a100,108,54,7,6912,432,40,40,1555,0,0.0037868543863296506,res_add
32,16384,2048,a100,108,54,7,6912,432,40,40,1555,0,0.0037867519855499265,res_add
128,8192,16384,a100,108,54,7,6912,432,40,40,1555,0,,res_add
64,8192,4096,a100,108,54,7,6912,432,40,40,1555,0,0.007567257618904114,res_add
16,256,8192,a100,108,54,7,6912,432,40,40,1555,0,0.00013214719593524933,res_add
4,8192,16384,a100,108,54,7,6912,432,40,40,1555,0,0.001900544035434723,res_add
64,4096,4096,a100,108,54,7,6912,432,40,40,1555,0,0.003786086380481719,res_add
128,16384,8192,a100,108,54,7,6912,432,40,40,1555,0,,res_add
64,4096,8192,a100,108,54,7,6912,432,40,40,1555,0,0.007566796827316284,res_add
64,16384,16384,a100,108,54,7,6912,432,40,40,1555,0,,res_add
128,4096,1024,a100,108,54,7,6912,432,40,40,1555,0,0.0019005952358245846,res_add
128,8192,8192,a100,108,54,7,6912,432,40,40,1555,0,0.030240409564971926,res_add
4,4096,4096,a100,108,54,7,6912,432,40,40,1555,0,0.0002500607989728451,res_add
16,8192,4096,a100,108,54,7,6912,432,40,40,1555,0,0.0018999808371067048,res_add
64,1024,16384,a100,108,54,7,6912,432,40,40,1555,0,0.003787007987499237,res_add
128,16384,8192,a100,108,54,7,6912,432,40,40,1555,0,,res_add
32,8192,8192,a100,108,54,7,6912,432,40,40,1555,0,0.007567872047424316,res_add
32,8192,8192,a100,108,54,7,6912,432,40,40,1555,0,0.007566899228096009,res_add
128,2048,8192,a100,108,54,7,6912,432,40,40,1555,0,0.007565875244140624,res_add
64,16384,4096,a100,108,54,7,6912,432,40,40,1555,0,0.01512970232963562,res_add
32,4096,16384,a100,108,54,7,6912,432,40,40,1555,0,0.007567769646644592,res_add
16,16384,8192,a100,108,54,7,6912,432,40,40,1555,0,0.007565209650993348,res_add
64,8192,8192,a100,108,54,7,6912,432,40,40,1555,0,0.015131340789794922,res_add
128,8192,16384,a100,108,54,7,6912,432,40,40,1555,0,,res_add
64,2048,2048,a100,108,54,7,6912,432,40,40,1555,0,0.0009569280087947845,res_add
64,16384,4096,a100,108,54,7,6912,432,40,40,1555,0,0.015131955194473265,res_add
128,8192,8192,a100,108,54,7,6912,432,40,40,1555,0,0.03024025602340698,res_add
64,8192,2048,a100,108,54,7,6912,432,40,40,1555,0,0.003787110388278961,res_add
16,2048,16384,a100,108,54,7,6912,432,40,40,1555,0,0.0019008000195026398,res_add
32,8192,8192,a100,108,54,7,6912,432,40,40,1555,0,0.007563878417015076,res_add
64,4096,8192,a100,108,54,7,6912,432,40,40,1555,0,0.007567308878898621,res_add
128,16384,16384,a100,108,54,7,6912,432,40,40,1555,0,,res_add
32,4096,4096,a100,108,54,7,6912,432,40,40,1555,0,0.0018999296367168427,res_add
32,8192,16384,a100,108,54,7,6912,432,40,40,1555,0,0.015129548692703245,res_add
128,512,4096,a100,108,54,7,6912,432,40,40,1555,0,0.0009567232012748719,res_add
64,16384,8192,a100,108,54,7,6912,432,40,40,1555,0,0.030241126537323,res_add
16,8192,8192,a100,108,54,7,6912,432,40,40,1555,0,0.0037864959836006163,res_add
8,16384,2048,a100,108,54,7,6912,432,40,40,1555,0,0.0009569792091846465,res_add
64,4096,16384,a100,108,54,7,6912,432,40,40,1555,0,0.015129599905014038,res_add
128,8192,4096,a100,108,54,7,6912,432,40,40,1555,0,0.015130572795867922,res_add
64,4096,8192,a100,108,54,7,6912,432,40,40,1555,0,0.007564544057846069,res_add
64,8192,4096,a100,108,54,7,6912,432,40,40,1555,0,0.007566336035728455,res_add
128,4096,16384,a100,108,54,7,6912,432,40,40,1555,0,0.030242406272888184,res_add
64,16384,8192,a100,108,54,7,6912,432,40,40,1555,0,0.030243430423736572,res_add
1,4096,8192,a100,108,54,7,6912,432,40,40,1555,0,0.0001318911962211132,res_add
16,16384,16384,a100,108,54,7,6912,432,40,40,1555,0,0.015129395151138305,res_add
64,8192,2048,a100,108,54,7,6912,432,40,40,1555,0,0.0037868031859397883,res_add
128,8192,16384,a100,108,54,7,6912,432,40,40,1555,0,,res_add
32,1024,8192,a100,108,54,7,6912,432,40,40,1555,0,0.000957696011662483,res_add
32,16384,8192,a100,108,54,7,6912,432,40,40,1555,0,0.015129292726516724,res_add
128,4096,4096,a100,108,54,7,6912,432,40,40,1555,0,0.007566131234169005,res_add
64,8192,16384,a100,108,54,7,6912,432,40,40,1555,0,0.030242867183685306,res_add
32,2048,1024,a100,108,54,7,6912,432,40,40,1555,0,0.0002501119986176491,res_add
8,8192,8192,a100,108,54,7,6912,432,40,40,1555,0,0.0018997248351573942,res_add
64,2048,8192,a100,108,54,7,6912,432,40,40,1555,0,0.0037868031859397883,res_add
128,16384,4096,a100,108,54,7,6912,432,40,40,1555,0,0.030243891143798822,res_add
64,8192,16384,a100,108,54,7,6912,432,40,40,1555,0,0.030242457675933837,res_add
64,16384,4096,a100,108,54,7,6912,432,40,40,1555,0,0.015130367946624753,res_add
128,4096,16384,a100,108,54,7,6912,432,40,40,1555,0,0.030241433715820314,res_add
64,8192,8192,a100,108,54,7,6912,432,40,40,1555,0,0.01513108477592468,res_add
8,4096,8192,a100,108,54,7,6912,432,40,40,1555,0,0.0009573376119136811,res_add
32,8192,16384,a100,108,54,7,6912,432,40,40,1555,0,0.015130726385116575,res_add
64,2048,2048,a100,108,54,7,6912,432,40,40,1555,0,0.0009569280117750171,res_add
128,16384,8192,a100,108,54,7,6912,432,40,40,1555,0,,res_add
32,8192,4096,a100,108,54,7,6912,432,40,40,1555,0,0.0037872639894485477,res_add
32,8192,8192,a100,108,54,7,6912,432,40,40,1555,0,0.007565465641021727,res_add
128,4096,8192,a100,108,54,7,6912,432,40,40,1555,0,0.01513169913291931,res_add
64,16384,16384,a100,108,54,7,6912,432,40,40,1555,0,,res_add
16,4096,2048,a100,108,54,7,6912,432,40,40,1555,0,0.00048614399731159206,res_add
2,16384,8192,a100,108,54,7,6912,432,40,40,1555,0,0.0009569280117750171,res_add
64,8192,8192,a100,108,54,7,6912,432,40,40,1555,0,0.01512831983566284,res_add
128,8192,4096,a100,108,54,7,6912,432,40,40,1555,0,0.01513246717453003,res_add
64,512,16384,a100,108,54,7,6912,432,40,40,1555,0,0.0019000832319259644,res_add
64,8192,8192,a100,108,54,7,6912,432,40,40,1555,0,0.015128627061843869,res_add
128,1024,8192,a100,108,54,7,6912,432,40,40,1555,0,0.0037869567871093744,res_add
64,16384,2048,a100,108,54,7,6912,432,40,40,1555,0,0.007565772819519044,res_add
8,8192,16384,a100,108,54,7,6912,432,40,40,1555,0,0.003787007987499237,res_add
16,16384,8192,a100,108,54,7,6912,432,40,40,1555,0,0.007567052865028382,res_add
64,4096,8192,a100,108,54,7,6912,432,40,40,1555,0,0.0075663871765136725,res_add
128,8192,16384,a100,108,54,7,6912,432,40,40,1555,0,,res_add
32,4096,4096,a100,108,54,7,6912,432,40,40,1555,0,0.0019001856327056886,res_add
32,16384,16384,a100,108,54,7,6912,432,40,40,1555,0,0.030242201519012458,res_add
128,8192,4096,a100,108,54,7,6912,432,40,40,1555,0,0.015130675077438354,res_add
64,8192,8192,a100,108,54,7,6912,432,40,40,1555,0,0.015132416009902953,res_add
32,2048,8192,a100,108,54,7,6912,432,40,40,1555,0,0.0019004416227340701,res_add
16,8192,1024,a100,108,54,7,6912,432,40,40,1555,0,0.000485683199763298,res_add
64,2048,16384,a100,108,54,7,6912,432,40,40,1555,0,0.007565312004089354,res_add
128,16384,4096,a100,108,54,7,6912,432,40,40,1555,0,0.030244710445404048,res_add
64,4096,8192,a100,108,54,7,6912,432,40,40,1555,0,0.007566080069541931,res_add
64,8192,16384,a100,108,54,7,6912,432,40,40,1555,0,0.030242867183685303,res_add
128,2048,2048,a100,108,54,7,6912,432,40,40,1555,0,0.0018994176328182223,res_add
64,16384,8192,a100,108,54,7,6912,432,40,40,1555,0,0.030243430423736572,res_add
16,8192,4096,a100,108,54,7,6912,432,40,40,1555,0,0.0019000320374965667,res_add
32,16384,4096,a100,108,54,7,6912,432,40,40,1555,0,0.0075658240318298335,res_add
64,8192,16384,a100,108,54,7,6912,432,40,40,1555,0,0.030244198513031,res_add
128,8192,8192,a100,108,54,7,6912,432,40,40,1555,0,0.03024563217163086,res_add
32,1024,8192,a100,108,54,7,6912,432,40,40,1555,0,0.0009568768084049224,res_add
32,16384,8192,a100,108,54,7,6912,432,40,40,1555,0,0.015126067209243772,res_add
128,4096,8192,a100,108,54,7,6912,432,40,40,1555,0,0.015131699085235595,res_add
64,8192,4096,a100,108,54,7,6912,432,40,40,1555,0,0.007567462491989136,res_add
16,4096,16384,a100,108,54,7,6912,432,40,40,1555,0,0.0037864447832107544,res_add
8,8192,8192,a100,108,54,7,6912,432,40,40,1555,0,0.0019001856267452243,res_add
64,512,4096,a100,108,54,7,6912,432,40,40,1555,0,0.00048609279692173003,res_add
128,16384,16384,a100,108,54,7,6912,432,40,40,1555,0,,res_add
64,8192,2048,a100,108,54,7,6912,432,40,40,1555,0,0.0037862399816513065,res_add
64,16384,8192,a100,108,54,7,6912,432,40,40,1555,0,0.03024455690383911,res_add
128,8192,8192,a100,108,54,7,6912,432,40,40,1555,0,0.030242611408233644,res_add
64,8192,16384,a100,108,54,7,6912,432,40,40,1555,0,0.030243276882171634,res_add
4,1024,2048,a100,108,54,7,6912,432,40,40,1555,0,4.423680007457733e-05,res_add
16,8192,4096,a100,108,54,7,6912,432,40,40,1555,0,0.0018994176268577576,res_add
64,4096,8192,a100,108,54,7,6912,432,40,40,1555,0,0.007565875220298767,res_add
128,16384,1024,a100,108,54,7,6912,432,40,40,1555,0,0.007564748787879943,res_add
32,4096,16384,a100,108,54,7,6912,432,40,40,1555,0,0.00756495361328125,res_add
32,8192,2048,a100,108,54,7,6912,432,40,40,1555,0,0.0019001856386661534,res_add
128,2048,16384,a100,108,54,7,6912,432,40,40,1555,0,0.015130982351303102,res_add
64,16384,8192,a100,108,54,7,6912,432,40,40,1555,0,0.03024128007888794,res_add
32,8192,16384,a100,108,54,7,6912,432,40,40,1555,0,0.01513154544830322,res_add
8,16384,16384,a100,108,54,7,6912,432,40,40,1555,0,0.007565721607208252,res_add
64,4096,4096,a100,108,54,7,6912,432,40,40,1555,0,0.0037862911820411684,res_add
128,8192,8192,a100,108,54,7,6912,432,40,40,1555,0,0.03024158735275268,res_add
64,2048,8192,a100,108,54,7,6912,432,40,40,1555,0,0.0037863935828208926,res_add
64,16384,16384,a100,108,54,7,6912,432,40,40,1555,0,,res_add
128,8192,4096,a100,108,54,7,6912,432,40,40,1555,0,0.015133593559265138,res_add
64,8192,8192,a100,108,54,7,6912,432,40,40,1555,0,0.015130111980438236,res_add
8,512,8192,a100,108,54,7,6912,432,40,40,1555,0,0.00013214719519019126,res_add
32,8192,2048,a100,108,54,7,6912,432,40,40,1555,0,0.0018994688272476197,res_add
64,4096,16384,a100,108,54,7,6912,432,40,40,1555,0,0.015130111932754518,res_add
128,16384,8192,a100,108,54,7,6912,432,40,40,1555,0,,res_add
32,4096,8192,a100,108,54,7,6912,432,40,40,1555,0,0.00378608638048172,res_add
32,8192,4096,a100,108,54,7,6912,432,40,40,1555,0,0.0037864447832107544,res_add
128,2048,8192,a100,108,54,7,6912,432,40,40,1555,0,0.007568332839012147,res_add
64,16384,1024,a100,108,54,7,6912,432,40,40,1555,0,0.0037848063707351678,res_add
16,8192,16384,a100,108,54,7,6912,432,40,40,1555,0,0.0075660800457000715,res_add
4,16384,8192,a100,108,54,7,6912,432,40,40,1555,0,0.0019001856386661534,res_add
64,4096,8192,a100,108,54,7,6912,432,40,40,1555,0,0.007567359995841981,res_add
128,8192,16384,a100,108,54,7,6912,432,40,40,1555,0,,res_add
64,4096,4096,a100,108,54,7,6912,432,40,40,1555,0,0.003786547183990478,res_add
64,8192,8192,a100,108,54,7,6912,432,40,40,1555,0,0.015128729486465453,res_add
128,2048,4096,a100,108,54,7,6912,432,40,40,1555,0,0.0037862911820411684,res_add
64,16384,16384,a100,108,54,7,6912,432,40,40,1555,0,,res_add
8,4096,2048,a100,108,54,7,6912,432,40,40,1555,0,0.0002508799970149994,res_add
16,16384,8192,a100,108,54,7,6912,432,40,40,1555,0,0.0075668480634689325,res_add
64,8192,8192,a100,108,54,7,6912,432,40,40,1555,0,0.015132057380676269,res_add
128,8192,4096,a100,108,54,7,6912,432,40,40,1555,0,0.01513216004371643,res_add
32,2048,16384,a100,108,54,7,6912,432,40,40,1555,0,0.0037863423824310307,res_add
32,16384,4096,a100,108,54,7,6912,432,40,40,1555,0,0.0075648000001907354,res_add
128,4096,16384,a100,108,54,7,6912,432,40,40,1555,0,0.03024404468536377,res_add
64,8192,8192,a100,108,54,7,6912,432,40,40,1555,0,0.015129958248138429,res_add
32,4096,8192,a100,108,54,7,6912,432,40,40,1555,0,0.0037864447832107544,res_add
16,8192,16384,a100,108,54,7,6912,432,40,40,1555,0,0.007565414428710937,res_add
64,1024,2048,a100,108,54,7,6912,432,40,40,1555,0,0.0004857855975627899,res_add
128,16384,8192,a100,108,54,7,6912,432,40,40,1555,0,,res_add
64,8192,8192,a100,108,54,7,6912,432,40,40,1555,0,0.015131596755981445,res_add
64,8192,1024,a100,108,54,7,6912,432,40,40,1555,0,0.0019004928171634677,res_add
128,256,16384,a100,108,54,7,6912,432,40,40,1555,0,0.001899776041507721,res_add
64,16384,4096,a100,108,54,7,6912,432,40,40,1555,0,0.015130982303619384,res_add
16,8192,8192,a100,108,54,7,6912,432,40,40,1555,0,0.0037863423824310307,res_add
32,16384,16384,a100,108,54,7,6912,432,40,40,1555,0,0.03024046068191528,res_add
64,4096,2048,a100,108,54,7,6912,432,40,40,1555,0,0.0019003392398357394,res_add
128,8192,8192,a100,108,54,7,6912,432,40,40,1555,0,0.03024153594970703,res_add
32,4096,8192,a100,108,54,7,6912,432,40,40,1555,0,0.0037869055867195134,res_add
32,16384,8192,a100,108,54,7,6912,432,40,40,1555,0,0.015129804754257204,res_add
128,8192,8192,a100,108,54,7,6912,432,40,40,1555,0,0.030241024208068852,res_add
64,8192,16384,a100,108,54,7,6912,432,40,40,1555,0,0.03024158735275268,res_add
16,1024,4096,a100,108,54,7,6912,432,40,40,1555,0,0.0002501120001077652,res_add
8,8192,8192,a100,108,54,7,6912,432,40,40,1555,0,0.0018996736288070682,res_add
64,2048,16384,a100,108,54,7,6912,432,40,40,1555,0,0.007565875196456909,res_add
128,16384,2048,a100,108,54,7,6912,432,40,40,1555,0,0.015129292678833006,res_add
64,8192,16384,a100,108,54,7,6912,432,40,40,1555,0,0.030239078330993645,res_add
64,16384,8192,a100,108,54,7,6912,432,40,40,1555,0,0.030241536140441894,res_add
128,4096,8192,a100,108,54,7,6912,432,40,40,1555,0,0.015129497528076172,res_add
64,8192,4096,a100,108,54,7,6912,432,40,40,1555,0,0.007567001628875733,res_add
2,2048,16384,a100,108,54,7,6912,432,40,40,1555,0,0.00025021439865231517,res_add
32,8192,8192,a100,108,54,7,6912,432,40,40,1555,0,0.007567667269706725,res_add
64,2048,4096,a100,108,54,7,6912,432,40,40,1555,0,0.0018998784363269809,res_add
128,16384,16384,a100,108,54,7,6912,432,40,40,1555,0,,res_add
32,8192,2048,a100,108,54,7,6912,432,40,40,1555,0,0.00189972482919693,res_add
32,8192,16384,a100,108,54,7,6912,432,40,40,1555,0,0.015132211112976074,res_add
128,4096,2048,a100,108,54,7,6912,432,40,40,1555,0,0.00378659838438034,res_add
64,16384,8192,a100,108,54,7,6912,432,40,40,1555,0,0.030241536045074457,res_add
32,4096,4096,a100,108,54,7,6912,432,40,40,1555,0,0.001899980825185776,res_add
8,16384,4096,a100,108,54,7,6912,432,40,40,1555,0,0.0019003904402256015,res_add
64,8192,16384,a100,108,54,7,6912,432,40,40,1555,0,0.030241536045074464,res_add
128,8192,8192,a100,108,54,7,6912,432,40,40,1555,0,0.03024056301116943,res_add
64,1024,8192,a100,108,54,7,6912,432,40,40,1555,0,0.0018996224343776705,res_add
64,8192,8192,a100,108,54,7,6912,432,40,40,1555,0,0.015130009555816648,res_add
128,4096,8192,a100,108,54,7,6912,432,40,40,1555,0,0.015131699180603028,res_add
64,16384,4096,a100,108,54,7,6912,432,40,40,1555,0,0.015131443214416503,res_add
8,4096,16384,a100,108,54,7,6912,432,40,40,1555,0,0.0018999296426773075,res_add
32,16384,8192,a100,108,54,7,6912,432,40,40,1555,0,0.015127500677108765,res_add
64,8192,4096,a100,108,54,7,6912,432,40,40,1555,0,0.007567718458175661,res_add
128,8192,16384,a100,108,54,7,6912,432,40,40,1555,0,,res_add
32,512,1024,a100,108,54,7,6912,432,40,40,1555,0,7.434240244328975e-05,res_add
32,16384,16384,a100,108,54,7,6912,432,40,40,1555,0,0.0302411262512207,res_add
128,4096,2048,a100,108,54,7,6912,432,40,40,1555,0,0.0037866495847702028,res_add
64,8192,8192,a100,108,54,7,6912,432,40,40,1555,0,0.015129702329635623,res_add
16,2048,8192,a100,108,54,7,6912,432,40,40,1555,0,0.0009570816069841388,res_add
2,8192,4096,a100,108,54,7,6912,432,40,40,1555,0,0.00024975359812378885,res_add
64,1024,16384,a100,108,54,7,6912,432,40,40,1555,0,0.0037871615886688236,res_add
128,16384,8192,a100,108,54,7,6912,432,40,40,1555,0,,res_add
64,8192,8192,a100,108,54,7,6912,432,40,40,1555,0,0.015132108688354493,res_add
64,16384,2048,a100,108,54,7,6912,432,40,40,1555,0,0.007566080021858217,res_add
128,8192,16384,a100,108,54,7,6912,432,40,40,1555,0,,res_add
64,8192,8192,a100,108,54,7,6912,432,40,40,1555,0,0.015132518386840817,res_add
8,2048,8192,a100,108,54,7,6912,432,40,40,1555,0,0.00048573439866304396,res_add
16,8192,16384,a100,108,54,7,6912,432,40,40,1555,0,0.007567052888870241,res_add
64,2048,4096,a100,108,54,7,6912,432,40,40,1555,0,0.001899827235937119,res_add
128,16384,8192,a100,108,54,7,6912,432,40,40,1555,0,,res_add
32,4096,8192,a100,108,54,7,6912,432,40,40,1555,0,0.003785164773464203,res_add
32,8192,8192,a100,108,54,7,6912,432,40,40,1555,0,0.007566848039627075,res_add
128,1024,8192,a100,108,54,7,6912,432,40,40,1555,0,0.0037867519855499265,res_add
64,16384,16384,a100,108,54,7,6912,432,40,40,1555,0,,res_add
32,8192,4096,a100,108,54,7,6912,432,40,40,1555,0,0.0037869055867195134,res_add
16,16384,4096,a100,108,54,7,6912,432,40,40,1555,0,0.0037871615886688227,res_add
64,4096,8192,a100,108,54,7,6912,432,40,40,1555,0,0.007566694426536559,res_add
128,8192,2048,a100,108,54,7,6912,432,40,40,1555,0,0.007565619206428528,res_add
64,4096,16384,a100,108,54,7,6912,432,40,40,1555,0,0.015132057571411131,res_add
64,16384,16384,a100,108,54,7,6912,432,40,40,1555,0,,res_add
128,4096,8192,a100,108,54,7,6912,432,40,40,1555,0,0.01512929286956787,res_add
64,8192,16384,a100,108,54,7,6912,432,40,40,1555,0,0.03024066562652588,res_add
16,4096,2048,a100,108,54,7,6912,432,40,40,1555,0,0.000485529600083828,res_add
32,8192,8192,a100,108,54,7,6912,432,40,40,1555,0,0.00756567039489746,res_add
64,512,8192,a100,108,54,7,6912,432,40,40,1555,0,0.0009569792121648789,res_add
128,16384,4096,a100,108,54,7,6912,432,40,40,1555,0,0.030246451187133788,res_add
32,8192,16384,a100,108,54,7,6912,432,40,40,1555,0,0.015131647920608522,res_add
32,16384,4096,a100,108,54,7,6912,432,40,40,1555,0,0.007566796827316284,res_add
128,2048,16384,a100,108,54,7,6912,432,40,40,1555,0,0.015129088020324704,res_add
64,16384,8192,a100,108,54,7,6912,432,40,40,1555,0,0.03024209928512573,res_add
16,4096,8192,a100,108,54,7,6912,432,40,40,1555,0,0.0018999808371067052,res_add
4,16384,16384,a100,108,54,7,6912,432,40,40,1555,0,0.003786751985549927,res_add
64,8192,1024,a100,108,54,7,6912,432,40,40,1555,0,0.001899315226078034,res_add
128,8192,8192,a100,108,54,7,6912,432,40,40,1555,0,0.03024276494979858,res_add
64,2048,4096,a100,108,54,7,6912,432,40,40,1555,0,0.0019004416346549992,res_add
64,8192,16384,a100,108,54,7,6912,432,40,40,1555,0,0.030243123435974118,res_add
128,2048,4096,a100,108,54,7,6912,432,40,40,1555,0,0.0037867519855499265,res_add
64,16384,8192,a100,108,54,7,6912,432,40,40,1555,0,0.030243635368347167,res_add
4,8192,8192,a100,108,54,7,6912,432,40,40,1555,0,0.000957286411523819,res_add
16,16384,1024,a100,108,54,7,6912,432,40,40,1555,0,0.0009573376148939133,res_add
64,4096,16384,a100,108,54,7,6912,432,40,40,1555,0,0.015125145435333252,res_add
128,8192,4096,a100,108,54,7,6912,432,40,40,1555,0,0.015131647825241087,res_add
64,2048,8192,a100,108,54,7,6912,432,40,40,1555,0,0.0037874687910079965,res_add
32,16384,4096,a100,108,54,7,6912,432,40,40,1555,0,0.007563929605484009,res_add
128,8192,8192,a100,108,54,7,6912,432,40,40,1555,0,0.030242099475860595,res_add
64,8192,2048,a100,108,54,7,6912,432,40,40,1555,0,0.0037867519855499265,res_add
32,1024,16384,a100,108,54,7,6912,432,40,40,1555,0,0.0019000832438468937,res_add
16,8192,8192,a100,108,54,7,6912,432,40,40,1555,0,0.003787059187889099,res_add
64,4096,8192,a100,108,54,7,6912,432,40,40,1555,0,0.00756715521812439,res_add
128,16384,16384,a100,108,54,7,6912,432,40,40,1555,0,,res_add
64,4096,4096,a100,108,54,7,6912,432,40,40,1555,0,0.0037869055867195134,res_add
1,1024,2048,a100,108,54,7,6912,432,40,40,1555,0,2.4524800200015307e-05,res_add
1,1024,4096,a100,108,54,7,6912,432,40,40,1555,0,2.3603200167417527e-05,res_add
1,1024,8192,a100,108,54,7,6912,432,40,40,1555,0,4.398079998791217e-05,res_add
1,2048,2048,a100,108,54,7,6912,432,40,40,1555,0,2.298880023881793e-05,res_add
1,2048,4096,a100,108,54,7,6912,432,40,40,1555,0,4.398079998791218e-05,res_add
1,2048,8192,a100,108,54,7,6912,432,40,40,1555,0,7.37280022352934e-05,res_add
1,4096,2048,a100,108,54,7,6912,432,40,40,1555,0,4.408320002257824e-05,res_add
1,4096,4096,a100,108,54,7,6912,432,40,40,1555,0,7.326720245182514e-05,res_add
1,4096,8192,a100,108,54,7,6912,432,40,40,1555,0,0.00013183999657630918,res_add
2,1024,2048,a100,108,54,7,6912,432,40,40,1555,0,2.278400007635355e-05,res_add
2,1024,4096,a100,108,54,7,6912,432,40,40,1555,0,4.372479990124702e-05,res_add
2,1024,8192,a100,108,54,7,6912,432,40,40,1555,0,7.347200252115728e-05,res_add
2,2048,2048,a100,108,54,7,6912,432,40,40,1555,0,4.3878399953246116e-05,res_add
2,2048,4096,a100,108,54,7,6912,432,40,40,1555,0,7.321600243449211e-05,res_add
2,2048,8192,a100,108,54,7,6912,432,40,40,1555,0,0.0001324031978845596,res_add
2,4096,2048,a100,108,54,7,6912,432,40,40,1555,0,7.290880233049393e-05,res_add
2,4096,4096,a100,108,54,7,6912,432,40,40,1555,0,0.0001319935970008373,res_add
2,4096,8192,a100,108,54,7,6912,432,40,40,1555,0,0.00024980480000376707,res_add
4,1024,2048,a100,108,54,7,6912,432,40,40,1555,0,4.382719993591309e-05,res_add
4,1024,4096,a100,108,54,7,6912,432,40,40,1555,0,7.347200252115728e-05,res_add
4,1024,8192,a100,108,54,7,6912,432,40,40,1555,0,0.00013214719444513322,res_add
4,2048,2048,a100,108,54,7,6912,432,40,40,1555,0,7.321600243449211e-05,res_add
4,2048,4096,a100,108,54,7,6912,432,40,40,1555,0,0.00013245439678430558,res_add
4,2048,8192,a100,108,54,7,6912,432,40,40,1555,0,0.00025021439939737326,res_add
4,4096,2048,a100,108,54,7,6912,432,40,40,1555,0,0.00013183999583125117,res_add
4,4096,4096,a100,108,54,7,6912,432,40,40,1555,0,0.00024995839893817904,res_add
4,4096,8192,a100,108,54,7,6912,432,40,40,1555,0,0.0004860927999019623,res_add
8,1024,2048,a100,108,54,7,6912,432,40,40,1555,0,7.37280022352934e-05,res_add
8,1024,4096,a100,108,54,7,6912,432,40,40,1555,0,0.00013214719519019126,res_add
8,1024,8192,a100,108,54,7,6912,432,40,40,1555,0,0.00024990719780325897,res_add
8,2048,2048,a100,108,54,7,6912,432,40,40,1555,0,0.00013209599554538725,res_add
8,2048,4096,a100,108,54,7,6912,432,40,40,1555,0,0.0002504703983664513,res_add
8,2048,8192,a100,108,54,7,6912,432,40,40,1555,0,0.00048583680242300035,res_add
8,4096,2048,a100,108,54,7,6912,432,40,40,1555,0,0.00025006079971790315,res_add
8,4096,4096,a100,108,54,7,6912,432,40,40,1555,0,0.0004860415995121002,res_add
8,4096,8192,a100,108,54,7,6912,432,40,40,1555,0,0.000957491210103035,res_add
16,1024,2048,a100,108,54,7,6912,432,40,40,1555,0,0.00013204479590058328,res_add
16,1024,4096,a100,108,54,7,6912,432,40,40,1555,0,0.0002501120001077652,res_add
16,1024,8192,a100,108,54,7,6912,432,40,40,1555,0,0.00048588799983263016,res_add
16,2048,2048,a100,108,54,7,6912,432,40,40,1555,0,0.0002501632004976272,res_add
16,2048,4096,a100,108,54,7,6912,432,40,40,1555,0,0.00048593920022249224,res_add
16,2048,8192,a100,108,54,7,6912,432,40,40,1555,0,0.0009571328043937684,res_add
16,4096,2048,a100,108,54,7,6912,432,40,40,1555,0,0.0004861951991915703,res_add
16,4096,4096,a100,108,54,7,6912,432,40,40,1555,0,0.0009572864145040513,res_add
16,4096,8192,a100,108,54,7,6912,432,40,40,1555,0,0.00189998083114624,res_add
32,1024,2048,a100,108,54,7,6912,432,40,40,1555,0,0.00024975360035896303,res_add
32,1024,4096,a100,108,54,7,6912,432,40,40,1555,0,0.0004855808019638062,res_add
32,1024,8192,a100,108,54,7,6912,432,40,40,1555,0,0.000957286411523819,res_add
32,2048,2048,a100,108,54,7,6912,432,40,40,1555,0,0.000485785599052906,res_add
32,2048,4096,a100,108,54,7,6912,432,40,40,1555,0,0.000957337608933449,res_add
32,2048,8192,a100,108,54,7,6912,432,40,40,1555,0,0.001900185638666153,res_add
32,4096,2048,a100,108,54,7,6912,432,40,40,1555,0,0.0009569280058145523,res_add
32,4096,4096,a100,108,54,7,6912,432,40,40,1555,0,0.0019005440235137943,res_add
32,4096,8192,a100,108,54,7,6912,432,40,40,1555,0,0.003786598384380341,res_add
