type,gpus,ubatch,coef,total_time_ms,total_time_ms_ci
model,1,1,0.4,0.634963056,0.003978845810154949
model,1,1,0.5,0.7709211264,0.004247527825830179
model,1,1,0.6,0.9610044608,0.012290625514935006
model,1,1,0.7,1.0851901792,0.010083108562235422
model,1,1,0.8,1.2430099008,0.009286576249431066
model,1,1,0.9,1.3776316064,0.010420475064473717
model,1,1,1,1.5197027072,0.012642847635590218
model,1,1,1.1,1.6584968512,0.016184856612501356
model,1,1,1.2,1.8738706592,0.01260566166760861
model,1,2,0.4,0.7441914528,0.007056018063663456
model,1,2,0.5,1.0104931296,0.01083961050746307
model,1,2,0.6,1.1446016576,0.007194056870751209
model,1,2,0.7,1.3335639328,0.00809153000192627
model,1,2,0.8,1.5570290272,0.01458602849908133
model,1,2,0.9,1.7088394624,0.013495830602959554
model,1,2,1,1.8981480416,0.01586848753619653
model,1,2,1.1,2.0544791584,0.015681643965981647
model,1,2,1.2,2.2426687904,0.019167277825860186
model,1,4,0.4,1.1103395744,0.0073775860139903855
model,1,4,0.5,1.437023696,0.013806418167403856
model,1,4,0.6,1.7560319072000001,0.015612051524255743
model,1,4,0.7,1.9196060128,0.023078536662855018
model,1,4,0.8,2.3146976352,0.016563505970503562
model,1,4,0.9,2.6051692928000003,0.015309812379035831
model,1,4,1,2.8935042624,0.027769976138718795
model,1,4,1.1,3.1671858144,0.031765967297029685
model,1,4,1.2,3.3789710048,0.03133870478067802
model,1,8,0.4,2.2163346816000002,0.02169014984174089
model,1,8,0.5,2.8699211136000002,0.015800275254765447
model,1,8,0.6,3.308967312,0.02704700940013781
model,1,8,0.7,3.9867858272,0.0400709200950544
model,1,8,0.8,4.6991944224,0.027729677695718703
model,1,8,0.9,5.2440520928000005,0.039808507448991594
model,1,8,1,5.4745090912,0.04886979385204317
model,1,8,1.1,5.9964436992,0.03894294031337145
model,1,8,1.2,6.7276506592,0.0549921448358818
model,128,1,0.8,1.247979737,0.006782830707819813
model,128,1,0.9,1.4312769066,0.009335119785205993
model,128,1,1,1.5761307258,0.011019765111994633
model,128,1,1.1,1.7286628404,0.0080485099777742
model,128,1,1.2,1.8504318704,0.011347860519958609
model,128,2,0.8,1.5177893498,0.006666544969472879
model,128,2,0.9,1.7185761968,0.007815275669671204
model,128,2,1,1.8960746,0.010911939449829029
model,128,2,1.1,2.1295484114,0.010071665790851147
model,128,2,1.2,2.3483739326,0.014997801553869667
model,128,4,0.8,2.3158059614,0.015205932064292122
model,128,4,0.9,2.5863534318,0.012240350135439096
model,128,4,1,2.8302432479,0.016871439549081768
model,128,4,1.1,3.1243113035,0.020171623889330272
model,128,4,1.2,3.45319093075,0.022084788028868645
model,128,8,0.8,4.55129463915,0.030845204862310502
model,128,8,0.9,5.1414206270000005,0.02721834858122414
model,128,8,1,5.7274187055,0.028319429338894204
model,128,8,1.1,6.2038050032,0.03856119632131473
model,128,8,1.2,6.8489998303999995,0.03937720739461798
model,16,1,0.8,1.2693578488000001,0.008201049526506778
model,16,1,0.9,1.3804224276,0.009472524046165847
model,16,1,1,1.5398810406,0.009575939781758162
model,16,1,1.1,1.69749648775,0.00821838852491937
model,16,1,1.2,1.8644965632,0.012682737544056532
model,16,2,0.8,1.5523820006,0.009111757740833113
model,16,2,0.9,1.73092606365,0.01130014145487191
model,16,2,1,1.89241279885,0.010816318013795593
model,16,2,1.1,2.155781367,0.012856568306693008
model,16,2,1.2,2.2882939088,0.01051532884308473
model,16,4,0.8,2.2973728865000003,0.011471386596578129
model,16,4,0.9,2.5660055218,0.017201290153564638
model,16,4,1,2.8593567995,0.018177861138503965
model,16,4,1.1,3.127530856,0.01688823184078039
model,16,4,1.2,3.4174211064,0.017421035319233533
model,16,8,0.8,4.5342175368,0.027917896048428002
model,16,8,0.9,5.0961730512,0.03071610892793688
model,16,8,1,5.6927130944,0.046910540927220266
model,16,8,1.1,6.251530624,0.03726232035700948
model,16,8,1.2,6.790214868800001,0.04035617096191211
model,2,1,0.4,0.6264219848,0.0044849539500465925
model,2,1,0.5,0.7958621088,0.007743166508099899
model,2,1,0.6,0.9108140856,0.00609032861792533
model,2,1,0.7,1.0508887032,0.01031659402446665
model,2,1,0.8,1.2052934064,0.00936626089898692
model,2,1,0.9,1.418929426,0.008040578905530617
model,2,1,1,1.5362535052,0.015749468101124174
model,2,1,1.1,1.7667756294,0.01118827893459041
model,2,1,1.2,1.7926996607999999,0.01567730325040875
model,2,2,0.4,0.8011083488,0.011329007412496712
model,2,2,0.5,0.9074320352,0.008451631732334548
model,2,2,0.6,1.1213012942,0.009207397024385763
model,2,2,0.7,1.3078560594000002,0.011999027144848726
model,2,2,0.8,1.5191876722,0.0183705544699256
model,2,2,0.9,1.8002777288,0.019968579364791815
model,2,2,1,1.8824503328,0.010400074280816211
model,2,2,1.1,2.1389493056,0.01241609217732656
model,2,2,1.2,2.2985809184,0.018849370718442733
model,2,4,0.4,1.1091419406,0.006604345221197323
model,2,4,0.5,1.4126181876000001,0.013161069430852023
model,2,4,0.6,1.7522170698,0.013605366679797675
model,2,4,0.7,1.9739576704,0.010779376603286532
model,2,4,0.8,2.2031857280000002,0.0206591171100871
model,2,4,0.9,2.5242649504,0.024832200302461763
model,2,4,1,2.8154564544,0.015863561973968463
model,2,4,1.1,3.0319261600000003,0.02023746977914544
model,2,4,1.2,3.410043296,0.04447804735252783
model,2,8,0.4,2.2530011244,0.009620124007724745
model,2,8,0.5,2.7524815488,0.024868450097002566
model,2,8,0.6,3.3493686175999997,0.024512518809062266
model,2,8,0.7,3.8778355072,0.02350253337890461
model,2,8,0.8,4.593718048,0.03574097023998964
model,2,8,0.9,5.2237721728,0.053834644637777845
model,2,8,1,5.8142530432,0.025174227277167883
model,2,8,1.1,6.1480964928,0.04201843482133214
model,2,8,1.2,6.7169723712,0.032801367934789674
model,32,1,0.8,1.272383946,0.006169630543742913
model,32,1,0.9,1.3991471221,0.007013323507239681
model,32,1,1,1.574860216,0.007131836469986167
model,32,1,1.1,1.7194555952,0.011633074387360966
model,32,1,1.2,1.8494559811,0.009265349642260945
model,32,2,0.8,1.522770928,0.010377908999368808
model,32,2,0.9,1.73724728,0.012348497731190289
model,32,2,1,1.9820053701,0.012176642660604597
model,32,2,1.1,2.1161120222,0.015521645714471174
model,32,2,1.2,2.3401269289,0.01607459008008485
model,32,4,0.8,2.25026301315,0.010174453221414373
model,32,4,0.9,2.59166419785,0.017949531651359697
model,32,4,1,2.8297645989999998,0.01983020592052182
model,32,4,1.1,3.059483739,0.017428165385528025
model,32,4,1.2,3.3586173385,0.018278606374440627
model,32,8,0.8,4.6609835569,0.03591104281219541
model,32,8,0.9,5.1798873959,0.04007806651508433
model,32,8,1,5.7343444384,0.03142473351915968
model,32,8,1.1,6.267308696,0.04100792782134353
model,32,8,1.2,6.8043402832,0.025406132672501313
model,4,1,0.4,0.6472616858,0.003471432665877748
model,4,1,0.5,0.8066418876,0.005593567592203435
model,4,1,0.6,0.96255277400000006,0.008841999931661586
model,4,1,0.7,1.0999593452,0.010331037040852399
model,4,1,0.8,1.1912225232,0.008537100333504024
model,4,1,0.9,1.4085866634,0.016494888418057477
model,4,1,1,1.578659865,0.015376771011726598
model,4,1,1.1,1.7351178838,0.01091658633468777
model,4,1,1.2,1.8206329497,0.015451885808074385
model,4,2,0.4,0.8194225788,0.007041487650084252
model,4,2,0.5,0.9711021436,0.007432875909781583
model,4,2,0.6,1.1636260304000001,0.007577826872234925
model,4,2,0.7,1.3491024176,0.01049728354642394
model,4,2,0.8,1.5385883412,0.011375982071091643
model,4,2,0.9,1.7708265109,0.014005552442853375
model,4,2,1,1.803466246,0.011289973120553489
model,4,2,1.1,2.1320028124,0.016134320031504352
model,4,2,1.2,2.260881923,0.023827661700190187
model,4,4,0.4,1.1774038352,0.008369353700059352
model,4,4,0.5,1.4035331814,0.008980919812272796
model,4,4,0.6,1.750219954,0.01021115560616287
model,4,4,0.7,1.9586254488000001,0.011668628736007193
model,4,4,0.8,2.2753214654,0.022319289744025726
model,4,4,0.9,2.5576635371,0.020762255159654668
model,4,4,1,2.931662727,0.024840601344549202
model,4,4,1.1,3.2423452736000002,0.03200163315572842
model,4,4,1.2,3.3029739935999998,0.03043509069927897
model,4,8,0.4,2.2251570644,0.023508098399011308
model,4,8,0.5,2.8606369246,0.026599443666939126
model,4,8,0.6,3.4811369087,0.022551459600130937
model,4,8,0.7,3.866797728,0.03180728143969544
model,4,8,0.8,4.604999008,0.03171522115602722
model,4,8,0.9,5.1883815872,0.055216240553311036
model,4,8,1,5.4078426751999995,0.0451457387128247
model,4,8,1.1,6.5032966592,0.056366882928950104
model,4,8,1.2,6.9627995072,0.06239271790520253
model,64,1,0.8,1.2764458154,0.00724188077850677
model,64,1,0.9,1.422328393,0.008012305159124053
model,64,1,1,1.57272245045,0.009348145859630326
model,64,1,1.1,1.7633084656,0.008221975978769452
model,64,1,1.2,1.8706706656,0.008196808101001507
model,64,2,0.8,1.58271309665,0.010562452893228476
model,64,2,0.9,1.7114788416,0.009255334606558129
model,64,2,1,1.92736474595,0.00961477591467326
model,64,2,1.1,2.0297020434,0.013650033724925119
model,64,2,1.2,2.2270311208,0.016766069151663374
model,64,4,0.8,2.2535799442,0.012196372192233075
model,64,4,0.9,2.5720958664,0.017221623016541593
model,64,4,1,2.7971710262,0.012378589723474621
model,64,4,1.1,3.1288188586,0.02079358607461162
model,64,4,1.2,3.46236093875,0.019103322574628098
model,64,8,0.8,4.48016287635,0.030046601673932204
model,64,8,0.9,5.05907757405,0.02948106143128745
model,64,8,1,5.629403624,0.02507446831207674
model,64,8,1.1,6.123385432,0.03768442971406778
model,64,8,1.2,6.9382524384,0.050550833737797125
model,8,1,0.4,0.6618694646,0.004397974273297034
model,8,1,0.5,0.8227858158,0.006660563755435962
model,8,1,0.6,0.9755666486,0.006887453644135784
model,8,1,0.7,1.1361122006,0.006477247178120492
model,8,1,0.8,1.277073072,0.00955781093195097
model,8,1,0.9,1.389185213,0.013716746835294256
model,8,1,1,1.561494813,0.013925608294252132
model,8,1,1.1,1.6549802106,0.011279873559006023
model,8,1,1.2,1.8585403474,0.02342399242203531
model,8,2,0.4,0.7747543438,0.005657281813237864
model,8,2,0.5,0.9751848406,0.005231419214512907
model,8,2,0.6,1.1620328694,0.010380734443800228
model,8,2,0.7,1.3520159362,0.013303417372785818
model,8,2,0.8,1.5460326434,0.012604849605286827
model,8,2,0.9,1.7104425394,0.012135247510806767
model,8,2,1,1.9898518098,0.02064114485995513
model,8,2,1.1,2.0996599058,0.020972401387977554
model,8,2,1.2,2.3053655106,0.026051144269873303
model,8,4,0.4,1.1487734422,0.009810314879746302
model,8,4,0.5,1.4705348514,0.013570881845456021
model,8,4,0.6,1.7573010802,0.013126190040178311
model,8,4,0.7,1.9957283026000001,0.014350727534838128
model,8,4,0.8,2.3881956341999997,0.015295908151428998
model,8,4,0.9,2.5620082894,0.015402654649385214
model,8,4,1,2.807169164,0.013814880421402696
model,8,4,1.1,3.1000178806,0.03117620243489242
model,8,4,1.2,3.4385120683,0.03736225162416758
model,8,8,0.4,2.3091424978,0.02540687271511106
model,8,8,0.5,2.7353846558,0.02043729253117835
model,8,8,0.6,3.5673386734,0.01901711131320055
model,8,8,0.7,4.1583526967,0.022941566944700273
model,8,8,0.8,4.4884452928,0.036470875045155726
model,8,8,0.9,5.067861744,0.04514181586255535
model,8,8,1,5.6382320223999995,0.047733458377719536
model,8,8,1.1,6.4315465408,0.036194110639341186
model,8,8,1.2,6.7512558528,0.05073223355981144
profiling,1,1,0.4,0.306765184,4.6310762430869004e-5
profiling,1,1,0.5,0.3839219968,8.573980367498432e-5
profiling,1,1,0.6,0.46081407679999997,8.477295982112568e-5
profiling,1,1,0.8,0.6148721888,9.698265463037955e-5
profiling,1,1,0.9,0.6925184064,1.475683111554181e-4
profiling,1,1,1.0,0.7691998016,1.4432318978549645e-4
profiling,1,1,1.1,0.8468475168,1.2634844143395076e-4
profiling,1,1,1.2,0.9228545632,1.1804434819745992e-4
profiling,1,1,1.3,1.0000359264,1.280887554121903e-4
profiling,1,1,1.4,1.0767642527999999,1.2858589904111804e-4
profiling,1,2,0.4,0.5876014144,7.731645623468513e-4
profiling,1,2,0.5,0.7365283904,0.001184184676617055
profiling,1,2,0.6,0.884950448,0.0013274999492586881
profiling,1,2,0.8,1.1852764096,0.0018698537248197538
profiling,1,2,0.9,1.3361815392,0.003635956189311861
profiling,1,2,1.0,1.4674988352,0.002214515437898035
profiling,1,2,1.1,1.6136679872,0.0020766270988205092
profiling,1,2,1.2,1.756157792,0.0012455820560204334
profiling,1,2,1.3,1.9046126592,0.001619680818430009
profiling,1,2,1.4,2.051781776,0.002664963541729048
profiling,1,4,0.4,1.2449353952,0.0012638119030564774
profiling,1,4,0.5,1.558462816,0.0016919934822154446
profiling,1,4,0.6,1.8743606047999999,0.0010129293029214898
profiling,1,4,0.8,2.493159968,0.002159745622324997
profiling,1,4,0.9,2.8146255232,0.0016457970249978253
profiling,1,4,1.0,3.12319056,0.0021712765227966183
profiling,1,4,1.1,3.4269630144,0.003057476371578312
profiling,1,4,1.2,3.7456183296,0.003649576784905658
profiling,1,4,1.3,4.0503410016,0.003470331441199857
profiling,1,4,1.4,4.3568132608,0.002911758977127844
profiling,1,8,0.4,2.4855618432,0.0018504672051890484
profiling,1,8,0.5,3.0966958656,0.002765483793398039
profiling,1,8,0.6,3.7058113216,0.0034345225112669504
profiling,1,8,0.8,4.9740644544,0.0049813454252473416
profiling,1,8,0.9,5.5971761568,0.006215348609791817
profiling,1,8,1.0,6.1901769984,0.00700186357696216
profiling,1,8,1.1,6.8151957728,0.006739454559887391
profiling,1,8,1.2,7.425986272,0.0055678209108165734
profiling,1,8,1.3,8.0388334656,0.005821517471902183
profiling,1,8,1.4,8.6695361344,0.007148554115231275
profiling,128,1,0.8,0.7104576696,0.006945097209290562
profiling,128,1,0.9,0.7647558646,2.3256903494322712e-4
profiling,128,1,1,0.8370406207,8.028943944933437e-4
profiling,128,1,1.1,0.908857688,5.598115424359432e-4
profiling,128,1,1.2,0.98239770575,0.0012924536471563624
profiling,128,1,1.3,1.0501617824,7.305923040779101e-5
profiling,128,1,1.4,1.1241481897999999,1.6360942091153417e-4
profiling,128,1,1.5,1.197127577,8.55809821398675e-5
profiling,128,1,1.6,1.2709144282,1.476873060820691e-4
profiling,128,1,1.8,1.4176803114,1.0311484411009331e-4
profiling,128,1,2,1.5653087354,2.1035738654214258e-4
profiling,128,1,2.1,1.6386531568,1.3675980546903261e-4
profiling,128,2,0.8,1.2302009754,0.0010155431638658398
profiling,128,2,0.9,1.3644163514,9.727093994045753e-4
profiling,128,2,1,1.5164731562,0.0013791049639464393
profiling,128,2,1.1,1.652869905,0.0014642270281538016
profiling,128,2,1.2,1.7923288333,0.0017314215571058388
profiling,128,2,1.3,1.9262097952,0.0012473897830126638
profiling,128,2,1.4,2.0890215312000002,0.0022681214427109505
profiling,128,2,1.5,2.2286367072,0.002225939993212258
profiling,128,2,1.6,2.3757404174,0.0023024198119713027
profiling,128,4,0.8,2.4823373888,0.0011860938548932198
profiling,128,4,0.9,2.793867107,0.0013367106005209553
profiling,128,4,1,3.0942616206,0.0017670196027216173
profiling,128,4,1.1,3.3993399006,0.0021195694123148636
profiling,128,4,1.2,3.6990153550000002,0.001961961617558197
profiling,128,8,0.8,4.96014071555,0.004088825336360858
profiling,128,8,0.9,5.5816713756,0.008147786438921745
profiling,128,8,1,6.1758036908000005,0.004128027522773231
profiling,128,8,1.1,6.7876162128,0.004007593970017286
profiling,128,8,1.2,7.4001166672,0.004830293151740209
profiling,16,1,0.8,0.6725424322,4.899494272813904e-4
profiling,16,1,0.9,0.7441492664,1.7327225097518283e-4
profiling,16,1,1,0.81755234975,4.962202313462424e-4
profiling,16,1,1.1,0.8890027172,2.563427756142676e-4
profiling,16,1,1.2,0.9635670856,5.223531420664913e-4
profiling,16,1,1.3,1.0307318424,1.0968835781883103e-4
profiling,16,1,1.4,1.1059110072,9.731666553124515e-5
profiling,16,1,1.5,1.1803424024,1.1930595871059191e-4
profiling,16,1,1.6,1.2544112136,1.2468965471024163e-4
profiling,16,2,0.8,1.20926481135,8.828185860798097e-4
profiling,16,2,0.9,1.3573954968,0.0015047880220350166
profiling,16,2,1,1.4959768998,0.0015091998794385887
profiling,16,2,1.1,1.6401216054,0.001086935898270837
profiling,16,2,1.2,1.7850238902,0.001793602650013992
profiling,16,2,1.3,1.92820982215,0.0016558165423203285
profiling,16,2,1.4,2.0733026332,0.0015252099880996629
profiling,16,2,1.5,2.2177140012,0.0022770738053552167
profiling,16,2,1.6,2.3604456972,0.0021564156193774747
profiling,16,4,0.8,2.472985774,0.0015745090676419808
profiling,16,4,0.9,2.8001614268,0.0034262475115936814
profiling,16,4,1,3.0858140252,0.001293915167532244
profiling,16,4,1.1,3.3958666892,0.0014666535916474722
profiling,16,4,1.2,3.7083722389,0.0020661088648020833
profiling,16,8,0.8,4.938808296,0.0029544508263768567
profiling,16,8,0.9,5.5713619452,0.00472543895053515
profiling,16,8,1,6.2064495728,0.0055569281910801795
profiling,16,8,1.1,6.8011778752,0.004080891023089248
profiling,16,8,1.2,7.4316151632,0.006309051040251673
profiling,2,1,0.4,0.3388666822,7.580704007933938e-5
profiling,2,1,0.5,0.410704006,3.7631591091352174e-5
profiling,2,1,0.6,0.48301386,4.3653004014457675e-5
profiling,2,1,0.8,0.63071226,8.019807868433773e-5
profiling,2,1,0.9,0.7048602016,0.00013695675465219673
profiling,2,1,1.0,0.7800040416,1.0322691614766476e-4
profiling,2,1,1.1,0.8541924192,9.524603842621204e-5
profiling,2,1,1.2,0.9297786232,1.3588527404835956e-4
profiling,2,1,1.3,1.006455084,1.2491492698301943e-4
profiling,2,1,1.4,1.0819079768,1.4690949245355786e-4
profiling,2,2,0.4,0.605887316,8.390097692054231e-4
profiling,2,2,0.5,0.7522964168,0.0010203001936362418
profiling,2,2,0.6,0.8878177984,6.938045114784253e-4
profiling,2,2,0.8,1.1910247928,0.001897021386739583
profiling,2,2,0.9,1.3257334488,0.0015111643879631381
profiling,2,2,1.0,1.4687167992,0.0021768862536856747
profiling,2,2,1.1,1.6246747832,0.002872396477910404
profiling,2,2,1.2,1.7608789172000001,0.0022093206116472466
profiling,2,2,1.3,1.9023896404,0.0010489365304778174
profiling,2,2,1.4,2.068184818,0.003702844026169043
profiling,2,4,0.4,1.2561703736,0.0014976754853616415
profiling,2,4,0.5,1.5597888824,0.001533516754267997
profiling,2,4,0.6,1.8724767512,0.0016158473686606085
profiling,2,4,0.8,2.4957511796,0.0020438950146615398
profiling,2,4,0.9,2.8051699474,0.0022045372312035623
profiling,2,4,1.0,3.1224597791999997,0.0021331704786620373
profiling,2,4,1.1,3.4215924192,0.0034876695078809514
profiling,2,4,1.2,3.7421935168,0.0038434955472504296
profiling,2,4,1.3,4.0571780128,0.001813097391143063
profiling,2,4,1.4,4.364323135999999,0.0019229739682061703
profiling,2,8,0.4,2.481241634,0.002296573223388271
profiling,2,8,0.5,3.0929210879999998,0.002601926461921942
profiling,2,8,0.6,3.722267376,0.0035460759665510667
profiling,2,8,0.8,4.9397708864,0.00316730209812368
profiling,2,8,0.9,5.6538760288,0.033466719002288876
profiling,2,8,1.0,6.1762538528,0.004620499480594255
profiling,2,8,1.1,6.8274112384,0.0048868618372274264
profiling,2,8,1.2,7.4144259072,0.0055052297488261195
profiling,2,8,1.3,8.069005808,0.007263049517958508
profiling,2,8,1.4,8.6744541696,0.008622466974480365
profiling,32,1,0.8,0.6780688018,2.56907637347108e-4
profiling,32,1,0.9,0.75187350215,5.641072698289563e-4
profiling,32,1,1,0.8634764096,0.016271341518453296
profiling,32,1,1.1,0.9019901446,0.002370902731347335
profiling,32,1,1.2,0.9694950756,7.056030810719696e-4
profiling,32,1,1.3,1.038384866,9.357599187002295e-5
profiling,32,1,1.4,1.1120168212,8.050581039546158e-5
profiling,32,1,1.5,1.181645066,1.1412905670064814e-4
profiling,32,1,1.6,1.2564064484,1.0393010719738605e-4
profiling,32,1,1.8,1.4046876885,2.318967357403284e-4
profiling,32,1,2,1.5554019872,1.813446392139749e-4
profiling,32,1,2.1,1.631644136,1.3983877485065788e-4
profiling,32,2,0.8,1.2329494127,0.006588951597191398
profiling,32,2,0.9,1.3572731983,0.0013488248570893905
profiling,32,2,1,1.4988114804000001,0.0011862677475067754
profiling,32,2,1.1,1.64304332495,0.0015950756884370412
profiling,32,2,1.2,1.7881915411,0.0019370274540083682
profiling,32,2,1.3,1.9269318384,0.0017463542113057202
profiling,32,2,1.4,2.075365539,0.002210381608132394
profiling,32,2,1.5,2.2216553118,0.0019056783150428356
profiling,32,2,1.6,2.3724440478,0.0021822891308065566
profiling,32,4,0.8,2.475869403,0.001954750649182668
profiling,32,4,0.9,2.785382555,0.001157357767718744
profiling,32,4,1,3.1001927534,0.0024543042566840833
profiling,32,4,1.1,3.3949031374,0.002937689961888576
profiling,32,4,1.2,3.6999867502,0.002000701226118987
profiling,32,8,0.8,4.935305518,0.003806429071728859
profiling,32,8,0.9,5.5926012428,0.005216792811395506
profiling,32,8,1,6.194656448,0.004656842115443065
profiling,32,8,1.1,6.8404019056,0.004553672661988082
profiling,32,8,1.2,7.435995728,0.005313402291946973
profiling,4,1,0.4,0.3665583568,4.386290279014533e-5
profiling,4,1,0.5,0.43753257759999997,5.913168849626324e-5
profiling,4,1,0.6,0.5089130096,1.826710822156593e-4
profiling,4,1,0.8,0.6526565946,8.243999723801794e-5
profiling,4,1,0.9,0.7250318396,1.1623256650464183e-4
profiling,4,1,1.0,0.798336262,7.690856456173727e-5
profiling,4,1,1.1,0.8724759228000001,1.1841891648472804e-4
profiling,4,1,1.2,0.9461910716,1.330926949039878e-4
profiling,4,1,1.3,1.0193666524,9.564133084743471e-5
profiling,4,1,1.4,1.0945820560000001,2.0703164180594844e-4
profiling,4,2,0.4,0.6293835098,7.699083536706114e-4
profiling,4,2,0.5,0.7721668474,8.786521233265298e-4
profiling,4,2,0.6,0.9144587324,0.001552278679652161
profiling,4,2,0.8,1.1934748368,0.0015047742999045677
profiling,4,2,0.9,1.341284232,0.0022060942103410033
profiling,4,2,1.0,1.4864293424,0.00211740834155698
profiling,4,2,1.1,1.6202946452,0.0020806685821445005
profiling,4,2,1.2,1.7786180084,0.0031182185753822764
profiling,4,2,1.3,1.928547154,0.003204842061263994
profiling,4,2,1.4,2.0688787604,0.003510766970962434
profiling,4,4,0.4,1.2642637116,8.835762427762882e-4
profiling,4,4,0.5,1.5763759568,0.0011896061953387638
profiling,4,4,0.6,1.8796805972000001,0.001982138738946538
profiling,4,4,0.8,2.5033833908000003,0.0021462238645895367
profiling,4,4,0.9,2.8137828148,0.0018673221079562525
profiling,4,4,1.0,3.1244116054,0.0018238702121737003
profiling,4,4,1.1,3.444678371,0.002257204008470064
profiling,4,4,1.2,3.7585964254,0.001761766949424189
profiling,4,4,1.3,4.0539238462,0.0028865768398116916
profiling,4,4,1.4,4.3673233376,0.00432354711739315
profiling,4,8,0.4,2.4909919412,0.002113548740196474
profiling,4,8,0.5,3.087887618,0.001801032028339726
profiling,4,8,0.6,3.7278117406,0.0028268545833822134
profiling,4,8,0.8,4.9608682239999995,0.00588384512141711
profiling,4,8,0.9,5.559454044800001,0.006785160811797686
profiling,4,8,1.0,6.1772336704,0.0072544101637255646
profiling,4,8,1.1,6.8085057888,0.0073099671467024875
profiling,4,8,1.2,7.4097543488,0.008859507270366999
profiling,4,8,1.3,8.0538279488,0.01019681355498558
profiling,4,8,1.4,8.6607468224,0.008562920628487576
profiling,64,1,0.8,0.684256623,2.952974486993065e-4
profiling,64,1,0.9,0.7551193004,2.5618468199615894e-4
profiling,64,1,1,0.8305693715,0.0013232886971587616
profiling,64,1,1.1,0.8998132676,5.037037091043975e-4
profiling,64,1,1.2,0.97602122135,0.0011311707155395943
profiling,64,1,1.3,1.0428639498,7.363379616719386e-5
profiling,64,1,1.4,1.117849697,4.896730681873682e-4
profiling,64,1,1.5,1.1908349562,1.137497536361455e-4
profiling,64,1,1.6,1.263784953,1.121992445892545e-4
profiling,64,1,1.8,1.4114407354,1.2542502434043348e-4
profiling,64,1,2,1.5596051168,1.3433299233314293e-4
profiling,64,1,2.1,1.6358990784,2.6148317277604387e-4
profiling,64,2,0.8,1.2212181018000001,0.0012303190362503722
profiling,64,2,0.9,1.3563955338,8.030469226371381e-4
profiling,64,2,1,1.4969128298,9.005580730291487e-4
profiling,64,2,1.1,1.6634593522,0.005004796621157904
profiling,64,2,1.2,1.7903893952,0.0016354867987333824
profiling,64,2,1.3,1.9319134288,0.0012910857098600299
profiling,64,2,1.4,2.0718362672,0.002063461639914595
profiling,64,2,1.5,2.221803837,0.0019485295544027124
profiling,64,2,1.6,2.3655328402,0.0021987982906649262
profiling,64,4,0.8,2.4850314514,0.0019395330054791525
profiling,64,4,0.9,2.7820399186,0.0016390591133122032
profiling,64,4,1,3.0885153474,0.0017048706689590549
profiling,64,4,1.1,3.3936942226,0.0015608754531026396
profiling,64,4,1.2,3.7019353106,0.001971174752867823
profiling,64,8,0.8,4.9594966026,0.0035034554881068496
profiling,64,8,0.9,5.5890964906,0.005844717462151163
profiling,64,8,1,6.1906602369,0.004465338848929048
profiling,64,8,1.1,6.8132566464,0.0052949446884312
profiling,64,8,1.2,7.4340669168,0.00644946785975182
profiling,8,1,0.4,0.3805545896,2.9620222433807597e-5
profiling,8,1,0.5,0.4515625864,3.245465013848231e-5
profiling,8,1,0.6,0.5227729288,4.75294278633951e-5
profiling,8,1,0.8,0.6652672238,1.0133213168606093e-4
profiling,8,1,0.9,0.7376369326,1.1903152028757315e-4
profiling,8,1,1.0,0.8096234766,1.2168746016206529e-4
profiling,8,1,1.1,0.883261327,1.5101046345745265e-4
profiling,8,1,1.2,0.956424351,1.2594242263442248e-4
profiling,8,1,1.3,1.030494719,1.1510769469535416e-4
profiling,8,1,1.4,1.1050337398,1.660830195799697e-4
profiling,8,2,0.4,0.6444129736,9.332083875697761e-4
profiling,8,2,0.5,0.7796669774,9.141549826703955e-4
profiling,8,2,0.6,0.932279851,0.0014239382176600146
profiling,8,2,0.8,1.2041229558,0.0012238405722575182
profiling,8,2,0.9,1.3459905252,0.0015705080482795303
profiling,8,2,1.0,1.4803678946,0.0010663518334766997
profiling,8,2,1.1,1.646820541,0.003482053570795506
profiling,8,2,1.2,1.7761518562,0.0019161543816850618
profiling,8,2,1.3,1.9193649682,0.0027425671923508145
profiling,8,2,1.4,2.053704565,0.0011641218183514942
profiling,8,4,0.4,1.276613839,6.873662092714717e-4
profiling,8,4,0.5,1.5864330114,0.001381343841887958
profiling,8,4,0.6,1.8945494146,0.0021029457238188453
profiling,8,4,0.8,2.5064798898,0.0013790054860251008
profiling,8,4,0.9,2.8113251186,0.002178245896768038
profiling,8,4,1.0,3.1297928626,0.0019547057765019068
profiling,8,4,1.1,3.4383979634,0.0020932650886915155
profiling,8,4,1.2,3.7055956398000003,0.0021747812317788142
profiling,8,4,1.3,4.0100892494,0.0029294691656529272
profiling,8,4,1.4,4.3058441454,0.0037931710252717982
profiling,8,8,0.4,2.486935829,0.0033955091694689017
profiling,8,8,0.5,3.1240322706,0.003254465877070495
profiling,8,8,0.6,3.732335365,0.004520849816534069
profiling,8,8,0.8,4.977051707,0.005653007114186697
profiling,8,8,0.9,5.5610288,0.0065668671858784035
profiling,8,8,1.0,6.214179488,0.007342842272052362
profiling,8,8,1.1,6.8016032704,0.007734516224048568
profiling,8,8,1.2,7.3925944608,0.0066520942156901965
profiling,8,8,1.3,8.0357748768,0.008761042314515835
profiling,8,8,1.4,8.6921252416,0.011853347142363276
roofline,1,1,no,0.568881984,0
roofline,1,2,no,1.114553856,0
roofline,1,4,no,2.205895488,0
roofline,1,8,no,4.388580224,0
roofline,128,1,no,0.7361473519999999,0
roofline,128,2,no,1.279047512,0
roofline,128,4,no,2.364845976,0
roofline,128,8,no,4.5364441200000005,0
roofline,16,1,no,0.668571328,0
roofline,16,2,no,1.211471488,0
roofline,16,4,no,2.297269952,0
roofline,16,8,no,4.468868096,0
roofline,2,1,no,0.61816796,0
roofline,2,2,no,1.1610681200000001,0
roofline,2,4,no,2.2468665839999997,0
roofline,2,8,no,4.423555696,0
roofline,32,1,no,0.6775193199999999,0
roofline,32,2,no,1.22041948,0
roofline,32,4,no,2.306217944,0
roofline,32,8,no,4.477816088000001,0
roofline,4,1,no,0.6448299279999999,0
roofline,4,2,no,1.187730088,0
roofline,4,4,no,2.273528552,0
roofline,4,8,no,4.447187408,0
roofline,64,1,no,0.6956635280000001,0
roofline,64,2,no,1.2385636880000002,0
roofline,64,4,no,2.324362152,0
roofline,64,8,no,4.495960296,0
roofline,8,1,no,0.6592304880000001,0
roofline,8,2,no,1.202130648,0
roofline,8,4,no,2.287929112,0
roofline,8,8,no,4.459880448,0
real,128,1,NA,1.8245562672615052,0.0019414040929485656
real,128,2,NA,2.2866021037101745,0.004611082402912742
real,16,1,NA,1.3577665448188783,0.0018063294978208223
real,16,2,NA,1.8259960412979126,0.0055220319754337235
real,1,1,NA,0.8688737869262695,0.014422186109703822
real,1,2,NA,1.5539122819900513,0.010256160450380105
real,1,4,NA,2.9288176536560058,0.009105459750614475
real,1,8,NA,5.643936741352081,0.0064201115872156225
real,2,1,NA,1.0518826127052308,0.03585026134185123
real,2,2,NA,1.8002147793769836,0.03178929448516519
real,2,4,NA,3.369495177268982,0.024329554884529654
real,2,8,NA,6.435111939907074,0.01260431570807674
real,32,1,NA,1.612074041366577,0.0027414311533257166
real,32,2,NA,2.0765108942985533,0.0035731527892368057
real,4,1,NA,1.002911341190338,0.03517727437768447
real,4,2,NA,1.735420048236847,0.030067443660870653
real,4,4,NA,3.274771535396576,0.030069429619822965
real,4,8,NA,6.282730352878571,0.0266683275562786
real,64,1,NA,1.7365200519561768,0.0034086084261528786
real,64,2,NA,2.206841731071472,0.008026005257401986
real,8,1,NA,1.0357391119003296,0.0738828048351121
real,8,2,NA,1.7516148686408997,0.040052184618416246
real,8,4,NA,3.339084041118622,0.074149164816015
real,8,8,NA,6.1670799374580385,0.04506120188099549
